#,Name,Type 1,Type 2,Total,HP,Attack,Defense,Sp. Atk,Sp. Def,Speed,Generation,Legendary,Type_group
1,Bulbasaur,1,Poison,318,-0.950031895,-0.924327936,-0.796655268,-0.238980799,-0.248033378,-0.801002084,1,False,3
2,Ivysaur,1,Poison,405,-0.362595262,-0.523802519,-0.347699899,0.219422268,0.290974325,-0.284837064,1,False,3
3,Venusaur,1,Poison,525,0.420653582,0.09239043,0.293664914,0.830626357,1.009651264,0.403382963,1,False,3
4,VenusaurMega Venusaur,1,Poison,625,0.420653582,0.646964085,1.576394539,1.502950855,1.728328202,0.403382963,1,False,3
5,Charmander,2,,309,-1.185006548,-0.831898994,-0.989064712,-0.391781821,-0.787041082,-0.112782057,1,False,2
6,Charmeleon,2,,405,-0.440920146,-0.462183224,-0.508041102,0.219422268,-0.248033378,0.403382963,1,False,2
7,Charizard,2,Flying,534,0.342328698,0.154009725,0.13332371,1.105668197,0.47064356,1.09160299,1,False,2
8,CharizardMega Charizard X,2,Dragon,634,0.342328698,1.571253509,1.191575652,1.747432491,0.47064356,1.09160299,1,False,2
9,CharizardMega Charizard Y,2,Flying,634,0.342328698,0.770202675,0.13332371,2.63367842,1.548658967,1.09160299,1,False,2
10,Squirtle,3,,314,-0.989194337,-0.955137583,-0.283563418,-0.697383866,-0.283967225,-0.869824086,1,False,3
11,Wartortle,3,,405,-0.401757704,-0.492992871,0.197460192,-0.238980799,0.290974325,-0.353659066,1,False,3
12,Blastoise,3,,530,0.38149114,0.123200078,0.838825005,0.37222329,1.189320498,0.334560961,1,False,3
13,BlastoiseMega Blastoise,3,,630,0.38149114,0.739393027,1.480189817,1.900233513,1.548658967,0.334560961,1,False,3
14,Caterpie,4,,195,-0.950031895,-1.509711238,-1.245610637,-1.614189999,-1.865056489,-0.801002084,1,False,4
15,Metapod,4,,205,-0.754219684,-1.817807712,-0.604245824,-1.461388977,-1.685387255,-1.317167104,1,False,4
16,Butterfree,4,Flying,395,-0.362595262,-1.047566526,-0.764587028,0.525024313,0.290974325,0.05927295,1,False,4
17,Weedle,4,Poison,195,-1.145844106,-1.355663,-1.40595184,-1.614189999,-1.865056489,-0.628947077,1,False,4
18,Kakuna,4,Poison,205,-0.950031895,-1.663759475,-0.764587028,-1.461388977,-1.685387255,-1.145112097,1,False,4
19,Beedrill,4,Poison,395,-0.166783051,0.33886761,-1.085269434,-0.850184888,0.290974325,0.231327957,1,False,4
20,BeedrillMega Beedrill,4,Poison,495,-0.166783051,2.187446458,-1.085269434,-1.766991022,0.290974325,2.64009805,1,False,4
21,Pidgey,5,Flying,251,-1.145844106,-1.047566526,-1.085269434,-1.155786932,-1.326048786,-0.422481069,1,False,3
22,Pidgeotto,5,Flying,349,-0.245107935,-0.585421814,-0.604245824,-0.697383866,-0.787041082,0.093683951,1,False,3
23,Pidgeot,5,Flying,479,0.538140909,0.030771135,0.037118989,-0.086179777,-0.068364144,1.126013991,1,False,3
24,PidgeotMega Pidgeot,5,Flying,579,0.538140909,0.030771135,0.197460192,1.900233513,0.290974325,1.814234018,1,False,3
25,Rattata,5,,253,-1.537468528,-0.708660404,-1.245610637,-1.461388977,-1.326048786,0.128094952,1,False,3
26,Raticate,5,,413,-0.558407473,0.061580783,-0.443904621,-0.697383866,-0.068364144,0.988369986,1,False,3
27,Spearow,5,Flying,262,-1.145844106,-0.585421814,-1.40595184,-1.27802775,-1.469784173,0.05927295,1,False,3
28,Fearow,5,Flying,442,-0.166783051,0.33886761,-0.283563418,-0.361221617,-0.391768766,1.09160299,1,False,3
29,Ekans,6,,288,-1.341656317,-0.585421814,-0.956996471,-1.00298591,-0.643305694,-0.45689207,1,False,3
30,Arbok,6,,438,-0.362595262,0.184819373,-0.155290455,-0.238980799,0.255040478,0.403382963,1,False,3
31,Pikachu,7,,320,-1.341656317,-0.739470051,-1.085269434,-0.697383866,-0.787041082,0.747492977,1,False,2
32,Raichu,7,,485,-0.362595262,0.33886761,-0.604245824,0.525024313,0.290974325,1.435713003,1,False,2
33,Sandshrew,8,,300,-0.754219684,-0.123277102,0.357801395,-1.614189999,-1.50571802,-0.97305709,1,False,1
34,Sandslash,8,,450,0.224841371,0.646964085,1.159507411,-0.850184888,-0.607371847,-0.112782057,1,False,1
35,Nidoran??,6,,275,-0.558407473,-0.985947231,-0.700450546,-1.00298591,-1.146379551,-0.938646089,1,False,3
36,Nidorina,6,,365,0.02902916,-0.523802519,-0.219426937,-0.544582843,-0.607371847,-0.422481069,1,False,3
37,Nidoqueen,6,Ground,505,0.812278004,0.400486905,0.421937876,0.066621246,0.47064356,0.265738958,1,False,3
38,Nidoran??,6,Poison,273,-0.910869452,-0.677850756,-1.085269434,-1.00298591,-1.146379551,-0.628947077,1,False,3
39,Nidorino,6,,365,-0.323432819,-0.215706044,-0.540109343,-0.544582843,-0.607371847,-0.112782057,1,False,3
40,Nidoking,6,Ground,505,0.459816024,0.70858338,0.10125547,0.37222329,0.111305091,0.57543797,1,False,3
41,Clefairy,9,,323,0.02902916,-1.047566526,-0.828723509,-0.391781821,-0.248033378,-1.145112097,1,False,3
42,Clefable,9,,483,1.008090215,-0.277325339,-0.027017493,0.677825335,0.650312795,-0.284837064,1,False,3
43,Vulpix,2,,299,-1.22416899,-1.170805116,-1.085269434,-0.697383866,-0.248033378,-0.112782057,1,False,2
44,Ninetales,2,,505,0.146516487,-0.092467454,0.037118989,0.249982472,1.009651264,1.09160299,1,False,2
45,Jigglypuff,5,Fairy,270,1.791339059,-1.047566526,-1.726634247,-0.850184888,-1.685387255,-1.661277117,1,False,3
46,Wigglytuff,5,Fairy,435,2.770400114,-0.277325339,-0.924928231,0.37222329,-0.787041082,-0.801002084,1,False,3
47,Zubat,6,Flying,245,-1.145844106,-1.047566526,-1.245610637,-1.308587955,-1.146379551,-0.45689207,1,False,3
48,Golbat,6,Flying,455,0.224841371,0.030771135,-0.123222215,-0.238980799,0.111305091,0.747492977,1,False,3
49,Oddish,1,Poison,320,-0.950031895,-0.893518288,-0.604245824,0.066621246,-0.248033378,-1.317167104,1,False,3
50,Gloom,1,Poison,395,-0.362595262,-0.431373577,-0.123222215,0.37222329,0.111305091,-0.97305709,1,False,3
51,Vileplume,1,Poison,490,0.224841371,0.030771135,0.357801395,1.136228402,0.650312795,-0.628947077,1,False,3
52,Paras,4,Grass,285,-1.341656317,-0.277325339,-0.604245824,-0.850184888,-0.607371847,-1.48922211,1,False,4
53,Parasect,4,Grass,405,-0.362595262,0.492915847,0.197460192,-0.391781821,0.290974325,-1.317167104,1,False,4
54,Venonat,4,Poison,305,-0.362595262,-0.739470051,-0.764587028,-1.00298591,-0.607371847,-0.801002084,1,False,4
55,Venomoth,4,Poison,450,0.02902916,-0.431373577,-0.443904621,0.525024313,0.111305091,0.747492977,1,False,4
56,Diglett,8,,265,-2.320717372,-0.739470051,-1.566293044,-1.155786932,-0.966710317,0.919547983,1,False,1
57,Dugtrio,8,,405,-1.341656317,0.030771135,-0.764587028,-0.697383866,-0.068364144,1.779823017,1,False,1
58,Meowth,5,,290,-1.145844106,-1.047566526,-1.245610637,-1.00298591,-1.146379551,0.747492977,1,False,3
59,Persian,5,,440,-0.166783051,-0.277325339,-0.443904621,-0.238980799,-0.248033378,1.60776801,1,False,3
60,Psyduck,3,,320,-0.754219684,-0.831898994,-0.828723509,-0.238980799,-0.787041082,-0.45689207,1,False,3
61,Golduck,3,,500,0.420653582,0.09239043,0.13332371,0.677825335,0.290974325,0.57543797,1,False,3
62,Mankey,10,,305,-1.145844106,0.030771135,-1.245610637,-1.155786932,-0.966710317,0.05927295,1,False,1
63,Primeape,10,,455,-0.166783051,0.801012322,-0.443904621,-0.391781821,-0.068364144,0.919547983,1,False,1
64,Growlithe,2,,350,-0.558407473,-0.277325339,-0.924928231,-0.086179777,-0.787041082,-0.284837064,1,False,2
65,Arcanine,2,,555,0.812278004,0.955060559,0.197460192,0.830626357,0.290974325,0.919547983,1,False,2
66,Poliwag,3,,300,-1.145844106,-0.893518288,-1.085269434,-1.00298591,-1.146379551,0.747492977,1,False,3
67,Poliwhirl,3,,385,-0.166783051,-0.431373577,-0.283563418,-0.697383866,-0.787041082,0.747492977,1,False,3
68,Poliwrath,3,Fighting,510,0.812278004,0.492915847,0.678483801,-0.086179777,0.650312795,0.05927295,1,False,3
69,Abra,11,,310,-1.733280739,-1.817807712,-1.88697545,0.983427379,-0.607371847,0.747492977,1,False,2
70,Kadabra,11,,400,-1.145844106,-1.355663,-1.40595184,1.441830446,-0.068364144,1.263657997,1,False,2
71,Alakazam,11,,500,-0.558407473,-0.893518288,-0.924928231,1.900233513,0.829982029,1.779823017,1,False,2
72,AlakazamMega Alakazam,11,,590,-0.558407473,-0.893518288,-0.283563418,3.122641691,0.829982029,2.812153057,1,False,2
73,Machop,10,,305,0.02902916,0.030771135,-0.764587028,-1.155786932,-1.326048786,-1.145112097,1,False,1
74,Machoke,10,,405,0.420653582,0.646964085,-0.123222215,-0.697383866,-0.427702613,-0.801002084,1,False,1
75,Machamp,10,,505,0.812278004,1.571253509,0.197460192,-0.238980799,0.47064356,-0.45689207,1,False,1
76,Bellsprout,1,Poison,300,-0.754219684,-0.123277102,-1.245610637,-0.086179777,-1.50571802,-0.97305709,1,False,3
77,Weepinbell,1,Poison,390,-0.166783051,0.33886761,-0.764587028,0.37222329,-0.966710317,-0.45689207,1,False,3
78,Victreebel,1,Poison,490,0.420653582,0.801012322,-0.283563418,0.830626357,-0.068364144,0.05927295,1,False,3
79,Tentacool,3,Poison,335,-1.145844106,-1.201614763,-1.245610637,-0.697383866,1.009651264,0.05927295,1,False,3
80,Tentacruel,3,Poison,515,0.420653582,-0.277325339,-0.283563418,0.219422268,1.728328202,1.09160299,1,False,3
81,Geodude,12,Ground,300,-1.145844106,0.030771135,0.838825005,-1.308587955,-1.50571802,-1.661277117,1,False,1
82,Graveler,12,Ground,390,-0.558407473,0.492915847,1.319848614,-0.850184888,-0.966710317,-1.145112097,1,False,1
83,Golem,12,Ground,495,0.420653582,1.263157034,1.800872224,-0.544582843,-0.248033378,-0.801002084,1,False,1
84,Ponyta,2,,410,-0.754219684,0.184819373,-0.604245824,-0.238980799,-0.248033378,0.747492977,1,False,2
85,Rapidash,2,,500,-0.166783051,0.646964085,-0.123222215,0.219422268,0.290974325,1.263657997,1,False,2
86,Slowpoke,3,Psychic,315,0.812278004,-0.431373577,-0.283563418,-1.00298591,-1.146379551,-1.833332124,1,False,3
87,Slowbro,3,Psychic,490,1.008090215,-0.123277102,1.159507411,0.830626357,0.290974325,-1.317167104,1,False,3
88,SlowbroMega Slowbro,3,Psychic,590,1.008090215,-0.123277102,3.404284256,1.747432491,0.290974325,-1.317167104,1,False,3
89,Magnemite,7,Steel,325,-1.733280739,-1.355663,-0.123222215,0.677825335,-0.607371847,-0.801002084,1,False,2
90,Magneton,7,Steel,465,-0.754219684,-0.585421814,0.678483801,1.441830446,-0.068364144,0.05927295,1,False,2
91,Farfetch'd,5,Flying,352,-0.675894799,-0.431373577,-0.604245824,-0.45290223,-0.355834919,-0.284837064,1,False,3
92,Doduo,5,Flying,310,-1.341656317,0.184819373,-0.924928231,-1.155786932,-1.326048786,0.231327957,1,False,3
93,Dodrio,5,Flying,460,-0.362595262,0.955060559,-0.123222215,-0.391781821,-0.427702613,1.09160299,1,False,3
94,Seel,3,,325,-0.166783051,-1.047566526,-0.604245824,-0.850184888,-0.068364144,-0.801002084,1,False,3
95,Dewgong,3,Ice,475,0.812278004,-0.277325339,0.197460192,-0.086179777,0.829982029,0.05927295,1,False,3
96,Grimer,6,,325,0.420653582,0.030771135,-0.764587028,-1.00298591,-0.787041082,-1.48922211,1,False,3
97,Muk,6,,500,1.399714637,0.801012322,0.037118989,-0.238980799,1.009651264,-0.628947077,1,False,3
98,Shellder,3,,305,-1.537468528,-0.431373577,0.838825005,-0.850184888,-1.685387255,-0.97305709,1,False,3
99,Cloyster,3,Ice,525,-0.754219684,0.492915847,3.404284256,0.37222329,-0.966710317,0.05927295,1,False,3
100,Gastly,13,Poison,310,-1.537468528,-1.355663,-1.40595184,0.830626357,-1.326048786,0.403382963,1,False,4
101,Haunter,13,Poison,405,-0.950031895,-0.893518288,-0.924928231,1.289029424,-0.607371847,0.919547983,1,False,4
102,Gengar,13,Poison,500,-0.362595262,-0.431373577,-0.443904621,1.747432491,0.111305091,1.435713003,1,False,4
103,GengarMega Gengar,13,Poison,600,-0.362595262,-0.431373577,0.197460192,2.969840669,0.829982029,2.12393303,1,False,4
104,Onix,12,Ground,385,-1.341656317,-1.047566526,2.762919443,-1.308587955,-0.966710317,0.05927295,1,False,1
105,Drowzee,11,,328,-0.362595262,-0.955137583,-0.924928231,-0.911305297,0.650312795,-0.904235088,1,False,2
106,Hypno,11,,483,0.616465793,-0.184896397,-0.123222215,0.005500837,1.548658967,-0.043960054,1,False,2
107,Krabby,3,,325,-1.537468528,0.801012322,0.518142598,-1.461388977,-1.685387255,-0.628947077,1,False,3
108,Kingler,3,,475,-0.558407473,1.571253509,1.319848614,-0.697383866,-0.787041082,0.231327957,1,False,3
109,Voltorb,7,,330,-1.145844106,-1.509711238,-0.764587028,-0.544582843,-0.607371847,1.09160299,1,False,2
110,Electrode,7,,480,-0.362595262,-0.893518288,-0.123222215,0.219422268,0.290974325,2.468043044,1,False,2
111,Exeggcute,1,Psychic,325,-0.362595262,-1.201614763,0.197460192,-0.391781821,-0.966710317,-0.97305709,1,False,3
112,Exeggutor,1,Psychic,520,1.008090215,0.492915847,0.357801395,1.594631468,-0.248033378,-0.45689207,1,False,3
113,Cubone,8,,320,-0.754219684,-0.893518288,0.678483801,-1.00298591,-0.787041082,-1.145112097,1,False,1
114,Marowak,8,,425,-0.362595262,0.030771135,1.159507411,-0.697383866,0.290974325,-0.801002084,1,False,1
115,Hitmonlee,10,,455,-0.754219684,1.263157034,-0.668382306,-1.155786932,1.368989733,0.644259973,1,False,1
116,Hitmonchan,10,,455,-0.754219684,0.801012322,0.165391951,-1.155786932,1.368989733,0.265738958,1,False,1
117,Lickitung,5,,385,0.812278004,-0.739470051,0.037118989,-0.391781821,0.111305091,-1.317167104,1,False,3
118,Koffing,6,,340,-1.145844106,-0.431373577,0.678483801,-0.391781821,-0.966710317,-1.145112097,1,False,3
119,Weezing,6,,490,-0.166783051,0.33886761,1.480189817,0.37222329,-0.068364144,-0.284837064,1,False,3
120,Rhyhorn,8,Rock,345,0.420653582,0.184819373,0.678483801,-1.308587955,-1.50571802,-1.48922211,1,False,1
121,Rhydon,8,Rock,485,1.399714637,1.571253509,1.480189817,-0.850184888,-0.966710317,-0.97305709,1,False,1
122,Chansey,5,,450,7.078268756,-2.279952424,-2.207657856,-1.155786932,1.189320498,-0.628947077,1,False,3
123,Tangela,1,,435,-0.166783051,-0.739470051,1.319848614,0.830626357,-1.146379551,-0.284837064,1,False,3
124,Kangaskhan,5,,490,1.399714637,0.492915847,0.197460192,-1.00298591,0.290974325,0.747492977,1,False,3
125,KangaskhanMega Kangaskhan,5,,590,1.399714637,1.417205271,0.838825005,-0.391781821,1.009651264,1.09160299,1,False,3
126,Horsea,3,,295,-1.537468528,-1.201614763,-0.123222215,-0.086179777,-1.685387255,-0.284837064,1,False,3
127,Seadra,3,,440,-0.558407473,-0.431373577,0.678483801,0.677825335,-0.966710317,0.57543797,1,False,3
128,Goldeen,3,,320,-0.950031895,-0.369754282,-0.443904621,-1.155786932,-0.787041082,-0.18160406,1,False,3
129,Seaking,3,,450,0.420653582,0.400486905,-0.283563418,-0.238980799,0.290974325,-0.009549053,1,False,3
130,Staryu,3,,340,-1.537468528,-1.047566526,-0.604245824,-0.086179777,-0.607371847,0.57543797,1,False,3
131,Starmie,3,Psychic,520,-0.362595262,-0.123277102,0.357801395,0.830626357,0.47064356,1.60776801,1,False,3
132,Mr. Mime,11,Fairy,460,-1.145844106,-1.047566526,-0.283563418,0.830626357,1.728328202,0.747492977,1,False,2
133,Scyther,4,Flying,500,0.02902916,0.955060559,0.197460192,-0.544582843,0.290974325,1.263657997,1,False,4
134,Jynx,14,Psychic,455,-0.166783051,-0.893518288,-1.245610637,1.289029424,0.829982029,0.919547983,1,False,2
135,Electabuzz,7,,490,-0.166783051,0.123200078,-0.540109343,0.677825335,0.47064356,1.263657997,1,False,2
136,Magmar,2,,495,-0.166783051,0.492915847,-0.540109343,0.830626357,0.47064356,0.850725981,1,False,2
137,Pinsir,4,,500,-0.166783051,1.417205271,0.838825005,-0.544582843,-0.068364144,0.57543797,1,False,4
138,PinsirMega Pinsir,4,Flying,600,-0.166783051,2.341494695,1.480189817,-0.238980799,0.650312795,1.263657997,1,False,4
139,Tauros,5,,490,0.224841371,0.646964085,0.678483801,-1.00298591,-0.068364144,1.435713003,1,False,3
140,Magikarp,3,,200,-1.92909295,-2.125904187,-0.604245824,-1.766991022,-1.865056489,0.403382963,1,False,3
141,Gyarados,3,Flying,540,1.008090215,1.417205271,0.165391951,-0.391781821,1.009651264,0.437793965,1,False,3
142,GyaradosMega Gyarados,3,Dark,640,1.008090215,2.341494695,1.12743917,-0.086179777,2.087666671,0.437793965,1,False,3
143,Lapras,3,Ice,535,2.378775692,0.184819373,0.197460192,0.37222329,0.829982029,-0.284837064,1,False,3
144,Ditto,5,,288,-0.832544568,-0.955137583,-0.828723509,-0.758504275,-0.858908776,-0.69776908,1,False,3
145,Eevee,5,,325,-0.558407473,-0.739470051,-0.764587028,-0.850184888,-0.248033378,-0.45689207,1,False,3
146,Vaporeon,3,,525,2.378775692,-0.431373577,-0.443904621,1.136228402,0.829982029,-0.112782057,1,False,3
147,Jolteon,7,,525,-0.166783051,-0.431373577,-0.443904621,1.136228402,0.829982029,2.12393303,1,False,2
148,Flareon,2,,525,-0.166783051,1.571253509,-0.443904621,0.677825335,1.368989733,-0.112782057,1,False,2
149,Porygon,5,,395,-0.166783051,-0.585421814,-0.123222215,0.37222329,0.111305091,-0.97305709,1,False,3
150,Omanyte,12,Water,355,-1.341656317,-1.201614763,0.838825005,0.525024313,-0.607371847,-1.145112097,1,False,1
151,Omastar,12,Water,495,0.02902916,-0.585421814,1.640531021,1.289029424,-0.068364144,-0.45689207,1,False,1
152,Kabuto,12,Water,355,-1.537468528,0.030771135,0.518142598,-0.544582843,-0.966710317,-0.45689207,1,False,1
153,Kabutops,12,Water,495,-0.362595262,1.109108797,0.999166208,-0.238980799,-0.068364144,0.403382963,1,False,1
154,Aerodactyl,12,Flying,515,0.420653582,0.801012322,-0.283563418,-0.391781821,0.111305091,2.12393303,1,False,1
155,AerodactylMega Aerodactyl,12,Flying,615,0.420653582,1.725301746,0.357801395,-0.086179777,0.829982029,2.812153057,1,False,1
156,Snorlax,5,,540,3.553648958,0.955060559,-0.283563418,-0.238980799,1.368989733,-1.317167104,1,False,3
157,Articuno,14,Flying,580,0.812278004,0.184819373,0.838825005,0.677825335,1.907997436,0.57543797,1,True,2
158,Zapdos,7,Flying,580,0.812278004,0.33886761,0.357801395,1.594631468,0.650312795,1.09160299,1,True,2
159,Moltres,2,Flying,580,0.812278004,0.646964085,0.518142598,1.594631468,0.47064356,0.747492977,1,True,2
160,Dratini,15,,300,-1.106681663,-0.462183224,-0.924928231,-0.697383866,-0.787041082,-0.628947077,1,False,4
161,Dragonair,15,,420,-0.323432819,0.154009725,-0.283563418,-0.086179777,-0.068364144,0.05927295,1,False,4
162,Dragonite,15,Flying,600,0.851440446,1.694492098,0.678483801,0.830626357,1.009651264,0.403382963,1,False,4
163,Mewtwo,11,,680,1.438877079,0.955060559,0.518142598,2.480877398,0.650312795,2.12393303,1,True,2
164,MewtwoMega Mewtwo X,11,Fighting,780,1.438877079,3.419832356,0.838825005,2.480877398,1.009651264,2.12393303,1,True,2
165,MewtwoMega Mewtwo Y,11,,780,1.438877079,2.187446458,-0.123222215,3.703285576,1.728328202,2.468043044,1,True,2
166,Mew,11,,600,1.203902426,0.646964085,0.838825005,0.830626357,1.009651264,1.09160299,1,False,2
167,Chikorita,1,,318,-0.950031895,-0.924327936,-0.283563418,-0.72794407,-0.248033378,-0.801002084,2,False,3
168,Bayleef,1,,405,-0.362595262,-0.523802519,0.197460192,-0.300101208,0.290974325,-0.284837064,2,False,3
169,Meganium,1,,525,0.420653582,0.09239043,0.838825005,0.311102881,1.009651264,0.403382963,2,False,3
170,Cyndaquil,2,,309,-1.185006548,-0.831898994,-0.989064712,-0.391781821,-0.787041082,-0.112782057,2,False,2
171,Quilava,2,,405,-0.440920146,-0.462183224,-0.508041102,0.219422268,-0.248033378,0.403382963,2,False,2
172,Typhlosion,2,,534,0.342328698,0.154009725,0.13332371,1.105668197,0.47064356,1.09160299,2,False,2
173,Totodile,3,,314,-0.754219684,-0.431373577,-0.315631659,-0.880745092,-0.858908776,-0.869824086,2,False,3
174,Croconaw,3,,405,-0.166783051,0.030771135,0.197460192,-0.422342026,-0.319901072,-0.353659066,2,False,3
175,Feraligatr,3,,530,0.616465793,0.801012322,0.838825005,0.188862064,0.398775866,0.334560961,2,False,3
176,Sentret,5,,215,-1.341656317,-1.016756878,-1.277678878,-1.155786932,-0.966710317,-1.661277117,2,False,3
177,Furret,5,,415,0.616465793,-0.092467454,-0.315631659,-0.850184888,-0.607371847,0.747492977,2,False,3
178,Hoothoot,5,Flying,262,-0.362595262,-1.509711238,-1.40595184,-1.125226728,-0.571438001,-0.628947077,2,False,3
179,Noctowl,5,Flying,442,1.203902426,-0.893518288,-0.764587028,0.09718145,0.865915876,0.05927295,2,False,3
180,Ledyba,4,Flying,265,-1.145844106,-1.817807712,-1.40595184,-1.00298591,0.290974325,-0.45689207,2,False,4
181,Ledian,4,Flying,390,-0.558407473,-1.355663,-0.764587028,-0.544582843,1.368989733,0.57543797,2,False,4
182,Spinarak,4,Poison,250,-1.145844106,-0.585421814,-1.085269434,-1.00298591,-1.146379551,-1.317167104,2,False,4
183,Ariados,4,Poison,390,0.02902916,0.33886761,-0.123222215,-0.391781821,-0.427702613,-0.97305709,2,False,4
184,Crobat,6,Flying,535,0.616465793,0.33886761,0.197460192,-0.086179777,0.290974325,2.12393303,2,False,3
185,Chinchou,3,Electric,330,0.224841371,-1.263234058,-1.149405915,-0.514022639,-0.571438001,-0.043960054,2,False,3
186,Lanturn,3,Electric,460,2.182963481,-0.647041109,-0.508041102,0.09718145,0.147238938,-0.043960054,2,False,3
187,Pichu,7,,205,-1.92909295,-1.201614763,-1.88697545,-1.155786932,-1.326048786,-0.284837064,2,False,2
188,Cleffa,9,,218,-0.754219684,-1.663759475,-1.470088322,-0.850184888,-0.607371847,-1.833332124,2,False,3
189,Igglybuff,5,Fairy,210,0.812278004,-1.509711238,-1.88697545,-1.00298591,-1.865056489,-1.833332124,2,False,3
190,Togepi,9,,245,-1.341656317,-1.817807712,-0.283563418,-1.00298591,-0.248033378,-1.661277117,2,False,3
191,Togetic,9,Flying,405,-0.558407473,-1.201614763,0.357801395,0.219422268,1.189320498,-0.97305709,2,False,3
192,Natu,11,Flying,320,-1.145844106,-0.893518288,-0.924928231,-0.086179777,-0.966710317,0.05927295,2,False,2
193,Xatu,11,Flying,470,-0.166783051,-0.123277102,-0.123222215,0.677825335,-0.068364144,0.919547983,2,False,2
194,Mareep,7,,280,-0.558407473,-1.201614763,-1.085269434,-0.238980799,-0.966710317,-1.145112097,2,False,2
195,Flaaffy,7,,365,0.02902916,-0.739470051,-0.604245824,0.219422268,-0.427702613,-0.801002084,2,False,2
196,Ampharos,7,,510,0.812278004,-0.123277102,0.357801395,1.289029424,0.650312795,-0.45689207,2,False,2
197,AmpharosMega Ampharos,7,Dragon,610,0.812278004,0.492915847,0.999166208,2.817039647,1.368989733,-0.801002084,2,False,2
198,Bellossom,1,,490,0.224841371,0.030771135,0.678483801,0.525024313,1.009651264,-0.628947077,2,False,3
199,Marill,3,Fairy,250,0.02902916,-1.817807712,-0.764587028,-1.614189999,-0.787041082,-0.97305709,2,False,3
200,Azumarill,3,Fairy,420,1.203902426,-0.893518288,0.197460192,-0.391781821,0.290974325,-0.628947077,2,False,3
201,Sudowoodo,12,,410,0.02902916,0.646964085,1.319848614,-1.308587955,-0.248033378,-1.317167104,2,False,1
202,Politoed,3,,500,0.812278004,-0.123277102,0.037118989,0.525024313,1.009651264,0.05927295,2,False,3
203,Hoppip,1,Flying,250,-1.341656317,-1.355663,-1.085269434,-1.155786932,-0.607371847,-0.628947077,2,False,3
204,Skiploom,1,Flying,340,-0.558407473,-1.047566526,-0.764587028,-0.850184888,-0.248033378,0.403382963,2,False,3
205,Jumpluff,1,Flying,460,0.224841371,-0.739470051,-0.123222215,-0.544582843,0.829982029,1.435713003,2,False,3
206,Aipom,5,,360,-0.558407473,-0.277325339,-0.604245824,-1.00298591,-0.607371847,0.57543797,2,False,3
207,Sunkern,1,,180,-1.537468528,-1.509711238,-1.40595184,-1.308587955,-1.50571802,-1.317167104,2,False,3
208,Sunflora,1,,425,0.224841371,-0.123277102,-0.604245824,0.983427379,0.47064356,-1.317167104,2,False,3
209,Yanma,4,Flying,390,-0.166783051,-0.431373577,-0.924928231,0.066621246,-0.966710317,0.919547983,2,False,4
210,Wooper,3,Ground,210,-0.558407473,-1.047566526,-0.924928231,-1.461388977,-1.685387255,-1.833332124,2,False,3
211,Quagsire,3,Ground,430,1.008090215,0.184819373,0.357801395,-0.238980799,-0.248033378,-1.145112097,2,False,3
212,Espeon,11,,525,-0.166783051,-0.431373577,-0.443904621,1.747432491,0.829982029,1.435713003,2,False,2
213,Umbreon,16,,525,1.008090215,-0.431373577,1.159507411,-0.391781821,2.087666671,-0.112782057,2,False,4
214,Murkrow,16,Flying,405,-0.362595262,0.184819373,-1.021132953,0.37222329,-1.074511857,0.781903978,2,False,4
215,Slowking,3,Psychic,490,1.008090215,-0.123277102,0.197460192,0.830626357,1.368989733,-1.317167104,2,False,3
216,Misdreavus,13,,435,-0.362595262,-0.585421814,-0.443904621,0.37222329,0.47064356,0.57543797,2,False,4
217,Unown,11,,336,-0.832544568,-0.215706044,-0.828723509,-0.025059368,-0.858908776,-0.69776908,2,False,2
218,Wobbuffet,11,,405,4.728522224,-1.417282295,-0.508041102,-1.216907341,-0.499570307,-1.2139341,2,False,2
219,Girafarig,5,Psychic,455,0.02902916,0.030771135,-0.283563418,0.525024313,-0.248033378,0.57543797,2,False,3
220,Pineco,4,,290,-0.754219684,-0.431373577,0.518142598,-1.155786932,-1.326048786,-1.833332124,2,False,4
221,Forretress,4,Steel,465,0.224841371,0.33886761,2.12155463,-0.391781821,-0.427702613,-0.97305709,2,False,4
222,Dunsparce,5,,415,1.203902426,-0.277325339,-0.123222215,-0.238980799,-0.248033378,-0.801002084,2,False,3
223,Gligar,8,Flying,430,-0.166783051,-0.123277102,0.999166208,-1.155786932,-0.248033378,0.57543797,2,False,1
224,Steelix,17,Ground,510,0.224841371,0.184819373,4.045649069,-0.544582843,-0.248033378,-1.317167104,2,False,1
225,SteelixMega Steelix,17,Ground,610,0.224841371,1.417205271,5.007696288,-0.544582843,0.829982029,-1.317167104,2,False,1
226,Snubbull,9,,300,-0.362595262,0.030771135,-0.764587028,-1.00298591,-1.146379551,-1.317167104,2,False,3
227,Granbull,9,,450,0.812278004,1.263157034,0.037118989,-0.391781821,-0.427702613,-0.801002084,2,False,3
228,Qwilfish,3,Poison,430,-0.166783051,0.492915847,0.037118989,-0.544582843,-0.607371847,0.57543797,2,False,3
229,Scizor,4,Steel,500,0.02902916,1.571253509,0.838825005,-0.544582843,0.290974325,-0.112782057,2,False,4
230,ScizorMega Scizor,4,Steel,600,0.02902916,2.187446458,2.12155463,-0.238980799,1.009651264,0.231327957,2,False,4
231,Shuckle,4,Rock,505,-1.92909295,-2.125904187,5.007696288,-1.919792044,5.681051362,-2.177442137,2,False,4
232,Heracross,4,Fighting,500,0.420653582,1.417205271,0.037118989,-1.00298591,0.829982029,0.57543797,2,False,4
233,HeracrossMega Heracross,4,Fighting,600,0.420653582,3.265784119,1.319848614,-1.00298591,1.189320498,0.231327957,2,False,4
234,Sneasel,16,Ice,430,-0.558407473,0.492915847,-0.604245824,-1.155786932,0.111305091,1.60776801,2,False,4
235,Teddiursa,5,,330,-0.362595262,0.030771135,-0.764587028,-0.697383866,-0.787041082,-0.97305709,2,False,3
236,Ursaring,5,,500,0.812278004,1.571253509,0.037118989,0.066621246,0.111305091,-0.45689207,2,False,3
237,Slugma,2,,250,-1.145844106,-1.201614763,-1.085269434,-0.086179777,-1.146379551,-1.661277117,2,False,2
238,Magcargo,2,Rock,410,-0.754219684,-0.893518288,1.480189817,0.219422268,0.290974325,-1.317167104,2,False,2
239,Swinub,14,Ground,250,-0.754219684,-0.893518288,-1.085269434,-1.308587955,-1.50571802,-0.628947077,2,False,2
240,Piloswine,14,Ground,450,1.203902426,0.646964085,0.197460192,-0.391781821,-0.427702613,-0.628947077,2,False,2
241,Corsola,3,Rock,380,-0.558407473,-0.739470051,0.357801395,-0.238980799,0.47064356,-1.145112097,2,False,3
242,Remoraid,3,,300,-1.341656317,-0.431373577,-1.245610637,-0.238980799,-1.326048786,-0.112782057,2,False,3
243,Octillery,3,,480,0.224841371,0.801012322,0.037118989,0.983427379,0.111305091,-0.801002084,2,False,3
244,Delibird,14,Flying,330,-0.950031895,-0.739470051,-0.924928231,-0.238980799,-0.966710317,0.231327957,2,False,2
245,Mantine,3,Flying,465,-0.166783051,-1.201614763,-0.123222215,0.219422268,2.44700514,0.05927295,2,False,3
246,Skarmory,17,Flying,465,-0.166783051,0.030771135,2.12155463,-1.00298591,-0.068364144,0.05927295,2,False,1
247,Houndour,16,Fire,330,-0.950031895,-0.585421814,-1.40595184,0.219422268,-0.787041082,-0.112782057,2,False,4
248,Houndoom,16,Fire,500,0.224841371,0.33886761,-0.764587028,1.136228402,0.290974325,0.919547983,2,False,4
249,HoundoomMega Houndoom,16,Fire,600,0.224841371,0.33886761,0.518142598,2.053034535,0.650312795,1.60776801,2,False,4
250,Kingdra,3,Dragon,540,0.224841371,0.492915847,0.678483801,0.677825335,0.829982029,0.57543797,2,False,3
251,Phanpy,8,,330,0.812278004,-0.585421814,-0.443904621,-1.00298591,-1.146379551,-0.97305709,2,False,1
252,Donphan,8,,500,0.812278004,1.263157034,1.480189817,-0.391781821,-0.427702613,-0.628947077,2,False,1
253,Porygon2,5,,515,0.616465793,0.030771135,0.518142598,0.983427379,0.829982029,-0.284837064,2,False,3
254,Stantler,5,,465,0.146516487,0.492915847,-0.37976814,0.37222329,-0.248033378,0.57543797,2,False,3
255,Smeargle,5,,250,-0.558407473,-1.817807712,-1.245610637,-1.614189999,-0.966710317,0.231327957,2,False,3
256,Tyrogue,10,,210,-1.341656317,-1.355663,-1.245610637,-1.155786932,-1.326048786,-1.145112097,2,False,1
257,Hitmontop,10,,455,-0.754219684,0.492915847,0.678483801,-1.155786932,1.368989733,0.05927295,2,False,1
258,Smoochum,14,Psychic,305,-0.950031895,-1.509711238,-1.88697545,0.37222329,-0.248033378,-0.112782057,2,False,2
259,Elekid,7,,360,-0.950031895,-0.492992871,-1.181474156,-0.238980799,-0.607371847,0.919547983,2,False,2
260,Magby,2,,365,-0.950031895,-0.123277102,-1.181474156,-0.086179777,-0.607371847,0.506615967,2,False,2
261,Miltank,5,,490,1.008090215,0.030771135,0.999166208,-1.00298591,-0.068364144,1.09160299,2,False,3
262,Blissey,5,,540,7.274080967,-2.125904187,-2.047316653,0.066621246,2.267335906,-0.45689207,2,False,3
263,Raikou,7,,580,0.812278004,0.184819373,0.037118989,1.289029424,1.009651264,1.60776801,2,True,2
264,Entei,2,,580,1.791339059,1.109108797,0.357801395,0.525024313,0.111305091,1.09160299,2,True,2
265,Suicune,3,,580,1.203902426,-0.123277102,1.319848614,0.525024313,1.548658967,0.57543797,2,True,3
266,Larvitar,12,Ground,300,-0.754219684,-0.462183224,-0.764587028,-0.850184888,-0.787041082,-0.938646089,2,False,1
267,Pupitar,12,Ground,410,0.02902916,0.154009725,-0.123222215,-0.238980799,-0.068364144,-0.594536076,2,False,1
268,Tyranitar,12,Dark,600,1.203902426,1.694492098,1.159507411,0.677825335,1.009651264,-0.250426062,2,False,1
269,TyranitarMega Tyranitar,12,Dark,700,1.203902426,2.618781522,2.442237037,0.677825335,1.728328202,0.093683951,2,False,1
270,Lugia,11,Flying,680,1.438877079,0.33886761,1.800872224,0.525024313,2.950078997,1.435713003,2,True,2
271,Ho-oh,2,Flying,680,1.438877079,1.571253509,0.518142598,1.136228402,2.950078997,0.747492977,2,True,2
272,Celebi,11,Grass,600,1.203902426,0.646964085,0.838825005,0.830626357,1.009651264,1.09160299,2,False,2
273,Treecko,1,,310,-1.145844106,-1.047566526,-1.245610637,-0.238980799,-0.607371847,0.05927295,3,False,3
274,Grovyle,1,,405,-0.754219684,-0.431373577,-0.924928231,0.37222329,-0.248033378,0.919547983,3,False,3
275,Sceptile,1,,530,0.02902916,0.184819373,-0.283563418,0.983427379,0.47064356,1.779823017,3,False,3
276,SceptileMega Sceptile,1,Dragon,630,0.02902916,0.955060559,0.037118989,2.205835557,0.47064356,2.64009805,3,False,3
277,Torchic,2,,310,-0.950031895,-0.585421814,-1.085269434,-0.086179777,-0.787041082,-0.801002084,3,False,2
278,Combusken,2,Fighting,405,-0.362595262,0.184819373,-0.443904621,0.37222329,-0.427702613,-0.45689207,3,False,2
279,Blaziken,2,Fighting,530,0.420653582,1.263157034,-0.123222215,1.136228402,-0.068364144,0.403382963,3,False,2
280,BlazikenMega Blaziken,2,Fighting,630,0.420653582,2.495542932,0.197460192,1.747432491,0.290974325,1.09160299,3,False,2
281,Mudkip,3,,310,-0.754219684,-0.277325339,-0.764587028,-0.697383866,-0.787041082,-0.97305709,3,False,3
282,Marshtomp,3,Ground,405,0.02902916,0.184819373,-0.123222215,-0.391781821,-0.068364144,-0.628947077,3,False,3
283,Swampert,3,Ground,535,1.203902426,0.955060559,0.518142598,0.37222329,0.650312795,-0.284837064,3,False,3
284,SwampertMega Swampert,3,Ground,635,1.203902426,2.187446458,1.159507411,0.677825335,1.368989733,0.05927295,3,False,3
285,Poochyena,16,,220,-1.341656317,-0.739470051,-1.245610637,-1.308587955,-1.50571802,-1.145112097,3,False,4
286,Mightyena,16,,420,0.02902916,0.33886761,-0.123222215,-0.391781821,-0.427702613,0.05927295,3,False,4
287,Zigzagoon,5,,240,-1.22416899,-1.509711238,-1.053201193,-1.308587955,-1.110445704,-0.284837064,3,False,3
288,Linoone,5,,420,0.342328698,-0.277325339,-0.41183638,-0.697383866,-0.391768766,1.09160299,3,False,3
289,Wurmple,4,,195,-0.950031895,-1.047566526,-1.245610637,-1.614189999,-1.50571802,-1.661277117,3,False,4
290,Silcoon,4,,205,-0.754219684,-1.355663,-0.604245824,-1.461388977,-1.685387255,-1.833332124,3,False,4
291,Beautifly,4,Flying,395,-0.362595262,-0.277325339,-0.764587028,0.830626357,-0.787041082,-0.112782057,3,False,4
292,Cascoon,4,,205,-0.754219684,-1.355663,-0.604245824,-1.461388977,-1.685387255,-1.833332124,3,False,4
293,Dustox,4,Poison,385,-0.362595262,-0.893518288,-0.123222215,-0.697383866,0.650312795,-0.112782057,3,False,4
294,Lotad,3,Grass,220,-1.145844106,-1.509711238,-1.40595184,-1.00298591,-0.787041082,-1.317167104,3,False,3
295,Lombre,3,Grass,340,-0.362595262,-0.893518288,-0.764587028,-0.391781821,-0.068364144,-0.628947077,3,False,3
296,Ludicolo,3,Grass,480,0.420653582,-0.277325339,-0.123222215,0.525024313,1.009651264,0.05927295,3,False,3
297,Seedot,1,,220,-1.145844106,-1.201614763,-0.764587028,-1.308587955,-1.50571802,-1.317167104,3,False,3
298,Nuzleaf,1,Dark,340,0.02902916,-0.277325339,-1.085269434,-0.391781821,-1.146379551,-0.284837064,3,False,3
299,Shiftry,1,Dark,480,0.812278004,0.646964085,-0.443904621,0.525024313,-0.427702613,0.403382963,3,False,3
300,Taillow,5,Flying,270,-1.145844106,-0.739470051,-1.40595184,-1.308587955,-1.50571802,0.57543797,3,False,3
301,Swellow,5,Flying,430,-0.362595262,0.184819373,-0.443904621,-0.697383866,-0.787041082,1.951878023,3,False,3
302,Wingull,3,Flying,270,-1.145844106,-1.509711238,-1.40595184,-0.544582843,-1.50571802,0.57543797,3,False,3
303,Pelipper,3,Flying,430,-0.362595262,-0.893518288,0.838825005,0.37222329,-0.068364144,-0.112782057,3,False,3
304,Ralts,11,Fairy,198,-1.615793412,-1.663759475,-1.566293044,-0.850184888,-1.326048786,-0.97305709,3,False,2
305,Kirlia,11,Fairy,278,-1.22416899,-1.355663,-1.245610637,-0.238980799,-0.607371847,-0.628947077,3,False,2
306,Gardevoir,11,Fairy,518,-0.049295724,-0.431373577,-0.283563418,1.594631468,1.548658967,0.403382963,3,False,2
307,GardevoirMega Gardevoir,11,Fairy,618,-0.049295724,0.184819373,-0.283563418,2.817039647,2.267335906,1.09160299,3,False,2
308,Surskit,4,Water,269,-1.145844106,-1.509711238,-1.341815359,-0.697383866,-0.715173388,-0.112782057,3,False,4
309,Masquerain,4,Flying,414,0.02902916,-0.585421814,-0.37976814,0.219422268,0.362842019,-0.284837064,3,False,4
310,Shroomish,1,,295,-0.362595262,-1.201614763,-0.443904621,-1.00298591,-0.427702613,-1.145112097,3,False,3
311,Breloom,1,Fighting,460,-0.362595262,1.571253509,0.197460192,-0.391781821,-0.427702613,0.05927295,3,False,3
312,Slakoth,5,,280,-0.362595262,-0.585421814,-0.443904621,-1.155786932,-1.326048786,-1.317167104,3,False,3
313,Vigoroth,5,,440,0.420653582,0.030771135,0.197460192,-0.544582843,-0.607371847,0.747492977,3,False,3
314,Slaking,5,,670,3.162024536,2.495542932,0.838825005,0.677825335,-0.248033378,1.09160299,3,False,3
315,Nincada,4,Ground,266,-1.498306085,-1.047566526,0.518142598,-1.308587955,-1.50571802,-0.97305709,3,False,4
316,Ninjask,4,Flying,456,-0.323432819,0.33886761,-0.924928231,-0.697383866,-0.787041082,3.15626307,3,False,4
317,Shedinja,4,Ghost,236,-2.673179351,0.33886761,-0.924928231,-1.308587955,-1.50571802,-0.97305709,3,False,4
318,Whismur,5,,240,-0.205945493,-0.862708641,-1.630429525,-0.666823661,-1.757254949,-1.385989106,3,False,3
319,Loudred,5,,360,0.577303351,-0.246515692,-0.989064712,-0.055619572,-1.03857801,-0.69776908,3,False,3
320,Exploud,5,,490,1.360552195,0.369677257,-0.347699899,0.555584517,0.039437397,-0.009549053,3,False,3
321,Makuhita,10,,237,0.107354045,-0.585421814,-1.40595184,-1.614189999,-1.50571802,-1.48922211,3,False,1
322,Hariyama,10,,474,2.927049883,1.263157034,-0.443904621,-1.00298591,-0.427702613,-0.628947077,3,False,1
323,Azurill,5,Fairy,190,-0.754219684,-1.817807712,-1.085269434,-1.614189999,-1.146379551,-1.661277117,3,False,3
324,Nosepass,12,,375,-1.537468528,-1.047566526,1.961213427,-0.850184888,0.650312795,-1.317167104,3,False,1
325,Skitty,5,,260,-0.754219684,-1.047566526,-0.924928231,-1.155786932,-1.326048786,-0.628947077,3,False,3
326,Delcatty,5,,380,0.02902916,-0.431373577,-0.283563418,-0.544582843,-0.607371847,0.05927295,3,False,3
327,Sableye,16,Ghost,380,-0.754219684,-0.123277102,0.037118989,-0.238980799,-0.248033378,-0.628947077,3,False,4
328,SableyeMega Sableye,16,Ghost,480,-0.754219684,0.184819373,1.640531021,0.37222329,1.548658967,-1.661277117,3,False,4
329,Mawile,17,Fairy,380,-0.754219684,0.184819373,0.357801395,-0.544582843,-0.607371847,-0.628947077,3,False,1
330,MawileMega Mawile,17,Fairy,480,-0.754219684,0.801012322,1.640531021,-0.544582843,0.829982029,-0.628947077,3,False,1
331,Aron,17,Rock,330,-0.754219684,-0.277325339,0.838825005,-1.00298591,-1.146379551,-1.317167104,3,False,1
332,Lairon,17,Rock,430,-0.362595262,0.33886761,2.12155463,-0.697383866,-0.787041082,-0.97305709,3,False,1
333,Aggron,17,Rock,530,0.02902916,0.955060559,3.404284256,-0.391781821,-0.427702613,-0.628947077,3,False,1
334,AggronMega Aggron,17,,630,0.02902916,1.879349983,5.007696288,-0.391781821,0.290974325,-0.628947077,3,False,1
335,Meditite,10,Psychic,280,-1.537468528,-1.201614763,-0.604245824,-1.00298591,-0.607371847,-0.284837064,3,False,1
336,Medicham,10,Psychic,410,-0.362595262,-0.585421814,0.037118989,-0.391781821,0.111305091,0.403382963,3,False,1
337,MedichamMega Medicham,10,Psychic,510,-0.362595262,0.646964085,0.357801395,0.219422268,0.47064356,1.09160299,3,False,1
338,Electrike,7,,295,-1.145844106,-1.047566526,-1.085269434,-0.238980799,-1.146379551,-0.112782057,3,False,2
339,Manectric,7,,475,0.02902916,-0.123277102,-0.443904621,0.983427379,-0.427702613,1.263657997,3,False,2
340,ManectricMega Manectric,7,,575,0.02902916,-0.123277102,0.197460192,1.900233513,0.290974325,2.295988037,3,False,2
341,Plusle,7,,405,-0.362595262,-0.893518288,-1.085269434,0.37222329,0.111305091,0.919547983,3,False,2
342,Minun,7,,405,-0.362595262,-1.201614763,-0.764587028,0.066621246,0.47064356,0.919547983,3,False,2
343,Volbeat,4,,400,-0.166783051,-0.184896397,-0.604245824,-0.789064479,0.111305091,0.57543797,3,False,4
344,Illumise,4,,400,-0.166783051,-0.985947231,-0.604245824,0.005500837,0.111305091,0.57543797,3,False,4
345,Roselia,1,Poison,400,-0.754219684,-0.585421814,-0.924928231,0.830626357,0.290974325,-0.112782057,3,False,3
346,Gulpin,6,,302,0.02902916,-1.109185821,-0.668382306,-0.911305297,-0.679239541,-0.97305709,3,False,3
347,Swalot,6,,467,1.203902426,-0.184896397,0.293664914,0.005500837,0.398775866,-0.45689207,3,False,3
348,Carvanha,3,Dark,305,-0.950031895,0.33886761,-1.726634247,-0.238980799,-1.865056489,-0.112782057,3,False,3
349,Sharpedo,3,Dark,460,0.02902916,1.263157034,-1.085269434,0.677825335,-1.146379551,0.919547983,3,False,3
350,SharpedoMega Sharpedo,3,Dark,560,0.02902916,1.879349983,-0.123222215,1.136228402,-0.248033378,1.263657997,3,False,3
351,Wailmer,3,,400,2.378775692,-0.277325339,-1.245610637,-0.086179777,-1.326048786,-0.284837064,3,False,3
352,Wailord,3,,500,3.94527338,0.33886761,-0.924928231,0.525024313,-0.966710317,-0.284837064,3,False,3
353,Numel,2,Ground,305,-0.362595262,-0.585421814,-1.085269434,-0.238980799,-0.966710317,-1.145112097,3,False,2
354,Camerupt,2,Ground,460,0.02902916,0.646964085,-0.123222215,0.983427379,0.111305091,-0.97305709,3,False,2
355,CameruptMega Camerupt,2,Ground,560,0.02902916,1.263157034,0.838825005,2.205835557,1.189320498,-1.661277117,3,False,2
356,Torkoal,2,,470,0.02902916,0.184819373,2.12155463,0.37222329,-0.068364144,-1.661277117,3,False,2
357,Spoink,11,,330,-0.362595262,-1.663759475,-1.245610637,-0.086179777,0.290974325,-0.284837064,3,False,2
358,Grumpig,11,,470,0.420653582,-1.047566526,-0.283563418,0.525024313,1.368989733,0.403382963,3,False,2
359,Spinda,5,,360,-0.362595262,-0.585421814,-0.443904621,-0.391781821,-0.427702613,-0.284837064,3,False,3
360,Trapinch,8,,290,-0.950031895,0.646964085,-0.924928231,-0.850184888,-0.966710317,-2.005387131,3,False,1
361,Vibrava,8,Dragon,340,-0.754219684,-0.277325339,-0.764587028,-0.697383866,-0.787041082,0.05927295,3,False,1
362,Flygon,8,Dragon,520,0.420653582,0.646964085,0.197460192,0.219422268,0.290974325,1.09160299,3,False,1
363,Cacnea,1,,335,-0.754219684,0.184819373,-1.085269434,0.37222329,-1.146379551,-1.145112097,3,False,3
364,Cacturne,1,Dark,475,0.02902916,1.109108797,-0.443904621,1.289029424,-0.427702613,-0.45689207,3,False,3
365,Swablu,5,Flying,310,-0.950031895,-1.201614763,-0.443904621,-1.00298591,0.111305091,-0.628947077,3,False,3
366,Altaria,15,Flying,490,0.224841371,-0.277325339,0.518142598,-0.086179777,1.189320498,0.403382963,3,False,4
367,AltariaMega Altaria,15,Fairy,590,0.224841371,0.955060559,1.159507411,1.136228402,1.189320498,0.403382963,3,False,4
368,Zangoose,5,,458,0.146516487,1.109108797,-0.443904621,-0.391781821,-0.427702613,0.747492977,3,False,3
369,Seviper,6,,458,0.146516487,0.646964085,-0.443904621,0.830626357,-0.427702613,-0.112782057,3,False,3
370,Lunatone,12,Psychic,440,0.02902916,-0.739470051,-0.283563418,0.677825335,0.47064356,0.05927295,3,False,1
371,Solrock,12,Psychic,440,0.02902916,0.492915847,0.357801395,-0.544582843,-0.248033378,0.05927295,3,False,1
372,Barboach,3,Ground,288,-0.754219684,-0.955137583,-0.989064712,-0.819624683,-1.110445704,-0.284837064,3,False,3
373,Whiscash,3,Ground,468,1.595526848,-0.03084816,-0.027017493,0.09718145,-0.032430297,-0.284837064,3,False,3
374,Corphish,3,,308,-1.028356779,0.030771135,-0.283563418,-0.697383866,-1.326048786,-1.145112097,3,False,3
375,Crawdaunt,3,Dark,468,-0.245107935,1.263157034,0.357801395,0.525024313,-0.607371847,-0.45689207,3,False,3
376,Baltoy,8,Psychic,300,-1.145844106,-1.201614763,-0.604245824,-1.00298591,-0.068364144,-0.45689207,3,False,1
377,Claydol,8,Psychic,500,-0.362595262,-0.277325339,0.999166208,-0.086179777,1.728328202,0.231327957,3,False,1
378,Lileep,12,Grass,355,-0.127620609,-1.170805116,0.10125547,-0.361221617,0.542511254,-1.558044113,3,False,1
379,Cradily,12,Grass,495,0.655628235,0.061580783,0.742620283,0.249982472,1.261188192,-0.869824086,3,False,1
380,Anorith,12,Bug,355,-0.950031895,0.492915847,-0.764587028,-1.00298591,-0.787041082,0.231327957,3,False,1
381,Armaldo,12,Bug,495,0.224841371,1.417205271,0.838825005,-0.086179777,0.290974325,-0.801002084,3,False,1
382,Feebas,3,,200,-1.92909295,-1.97185595,-1.726634247,-1.919792044,-0.607371847,0.403382963,3,False,3
383,Milotic,3,,540,1.008090215,-0.585421814,0.165391951,0.830626357,1.907997436,0.437793965,3,False,3
384,Castform,5,,420,0.02902916,-0.277325339,-0.123222215,-0.086179777,-0.068364144,0.05927295,3,False,3
385,Kecleon,5,,440,-0.362595262,0.33886761,-0.123222215,-0.391781821,1.728328202,-0.97305709,3,False,3
386,Shuppet,13,,295,-0.989194337,-0.123277102,-1.245610637,-0.300101208,-1.39791648,-0.801002084,3,False,4
387,Banette,13,,455,-0.205945493,1.109108797,-0.283563418,0.311102881,-0.319901072,-0.112782057,3,False,4
388,BanetteMega Banette,13,,555,-0.205945493,2.64959117,0.037118989,0.616704926,0.398775866,0.231327957,3,False,4
389,Duskull,13,,295,-1.92909295,-1.201614763,0.518142598,-1.308587955,0.650312795,-1.48922211,3,False,4
390,Dusclops,13,,455,-1.145844106,-0.277325339,1.800872224,-0.391781821,2.087666671,-1.48922211,3,False,4
391,Tropius,1,Flying,460,1.164739984,-0.338944634,0.293664914,-0.025059368,0.542511254,-0.594536076,3,False,3
392,Chimecho,11,,425,-0.166783051,-0.893518288,-0.123222215,0.677825335,0.290974325,-0.112782057,3,False,2
393,Absol,16,,465,-0.166783051,1.571253509,-0.443904621,0.066621246,-0.427702613,0.231327957,3,False,4
394,AbsolMega Absol,16,,565,-0.166783051,2.187446458,-0.443904621,1.289029424,-0.427702613,1.60776801,3,False,4
395,Wynaut,11,,260,1.008090215,-1.72537877,-0.828723509,-1.522509386,-0.858908776,-1.558044113,3,False,2
396,Snorunt,14,,300,-0.754219684,-0.893518288,-0.764587028,-0.697383866,-0.787041082,-0.628947077,3,False,2
397,Glalie,14,,480,0.420653582,0.030771135,0.197460192,0.219422268,0.290974325,0.403382963,3,False,2
398,GlalieMega Glalie,14,,580,0.420653582,1.263157034,0.197460192,1.441830446,0.290974325,1.09160299,3,False,2
399,Spheal,14,Water,290,0.02902916,-1.201614763,-0.764587028,-0.544582843,-0.787041082,-1.48922211,3,False,2
400,Sealeo,14,Water,410,0.812278004,-0.585421814,-0.123222215,0.066621246,-0.068364144,-0.801002084,3,False,2
401,Walrein,14,Water,530,1.595526848,0.030771135,0.518142598,0.677825335,0.650312795,-0.112782057,3,False,2
402,Clamperl,3,,345,-1.341656317,-0.462183224,0.357801395,0.036061041,-0.607371847,-1.248345101,3,False,3
403,Huntail,3,,485,-0.558407473,0.770202675,0.999166208,0.64726513,0.111305091,-0.560125074,3,False,3
404,Gorebyss,3,,485,-0.558407473,0.154009725,0.999166208,1.258469219,0.111305091,-0.560125074,3,False,3
405,Relicanth,3,Rock,485,1.203902426,0.33886761,1.800872224,-0.850184888,-0.248033378,-0.45689207,3,False,3
406,Luvdisc,3,,330,-1.028356779,-1.509711238,-0.604245824,-1.00298591,-0.248033378,0.988369986,3,False,3
407,Bagon,15,,300,-0.950031895,-0.123277102,-0.443904621,-1.00298591,-1.50571802,-0.628947077,3,False,4
408,Shelgon,15,,420,-0.166783051,0.492915847,0.838825005,-0.391781821,-0.787041082,-0.628947077,3,False,4
409,Salamence,15,Flying,600,1.008090215,1.725301746,0.197460192,1.136228402,0.290974325,1.09160299,3,False,4
410,SalamenceMega Salamence,15,Flying,700,1.008090215,2.03339822,1.800872224,1.441830446,0.650312795,1.779823017,3,False,4
411,Beldum,17,Psychic,300,-1.145844106,-0.739470051,0.197460192,-1.155786932,-0.427702613,-1.317167104,3,False,1
412,Metang,17,Psychic,420,-0.362595262,-0.123277102,0.838825005,-0.544582843,0.290974325,-0.628947077,3,False,1
413,Metagross,17,Psychic,600,0.420653582,1.725301746,1.800872224,0.677825335,0.650312795,0.05927295,3,False,1
414,MetagrossMega Metagross,17,Psychic,700,0.420653582,2.03339822,2.442237037,0.983427379,1.368989733,1.435713003,3,False,1
415,Regirock,12,,580,0.420653582,0.646964085,4.045649069,-0.697383866,1.009651264,-0.628947077,3,True,1
416,Regice,14,,580,0.420653582,-0.893518288,0.838825005,0.830626357,4.603035955,-0.628947077,3,True,2
417,Registeel,17,,580,0.420653582,-0.123277102,2.442237037,0.066621246,2.806343609,-0.628947077,3,True,1
418,Latias,15,Psychic,600,0.420653582,0.030771135,0.518142598,1.136228402,2.087666671,1.435713003,3,True,4
419,LatiasMega Latias,15,Psychic,700,0.420653582,0.646964085,1.480189817,2.053034535,2.806343609,1.435713003,3,True,4
420,Latios,15,Psychic,600,0.420653582,0.33886761,0.197460192,1.747432491,1.368989733,1.435713003,3,True,4
421,LatiosMega Latios,15,Psychic,700,0.420653582,1.571253509,0.838825005,2.664238624,1.728328202,1.435713003,3,True,4
422,Kyogre,3,,670,1.203902426,0.646964085,0.518142598,2.35863658,2.44700514,0.747492977,3,True,3
423,KyogrePrimal Kyogre,3,,770,1.203902426,2.187446458,0.518142598,3.275442713,3.165682078,0.747492977,3,True,3
424,Groudon,8,,670,1.203902426,2.187446458,2.12155463,0.830626357,0.650312795,0.747492977,3,True,1
425,GroudonPrimal Groudon,8,Fire,770,1.203902426,3.111735882,2.762919443,2.35863658,0.650312795,0.747492977,3,True,1
426,Rayquaza,15,Flying,680,1.399714637,2.187446458,0.518142598,2.35863658,0.650312795,0.919547983,3,True,4
427,RayquazaMega Rayquaza,15,Flying,780,1.399714637,3.111735882,0.838825005,3.275442713,1.009651264,1.60776801,3,True,4
428,Jirachi,17,Psychic,600,1.203902426,0.646964085,0.838825005,0.830626357,1.009651264,1.09160299,3,True,1
429,DeoxysNormal Forme,11,,600,-0.754219684,2.187446458,-0.764587028,2.35863658,-0.787041082,2.812153057,3,True,2
430,DeoxysAttack Forme,11,,600,-0.754219684,3.111735882,-1.726634247,3.275442713,-1.865056489,2.812153057,3,True,2
431,DeoxysDefense Forme,11,,600,-0.754219684,-0.277325339,2.762919443,-0.086179777,3.165682078,0.747492977,3,True,2
432,DeoxysSpeed Forme,11,,600,-0.754219684,0.492915847,0.518142598,0.677825335,0.650312795,3.844483097,3,True,2
433,Turtwig,1,,318,-0.558407473,-0.338944634,-0.315631659,-0.850184888,-0.607371847,-1.282756102,4,False,3
434,Grotle,1,,405,0.224841371,0.308057963,0.357801395,-0.544582843,-0.248033378,-1.110701096,4,False,3
435,Torterra,1,Ground,525,1.008090215,0.924250912,0.999166208,0.066621246,0.47064356,-0.422481069,4,False,3
436,Chimchar,2,,309,-0.989194337,-0.647041109,-0.956996471,-0.45290223,-1.002644163,-0.250426062,4,False,2
437,Monferno,2,Fighting,405,-0.205945493,-0.03084816,-0.700450546,0.158301859,-0.715173388,0.437793965,4,False,2
438,Infernape,2,Fighting,534,0.264003813,0.770202675,-0.091153974,0.952867175,-0.032430297,1.366891001,4,False,2
439,Piplup,3,,314,-0.636732357,-0.862708641,-0.668382306,-0.361221617,-0.571438001,-0.97305709,4,False,3
440,Prinplup,3,,405,-0.205945493,-0.400563929,-0.187358696,0.249982472,0.147238938,-0.628947077,4,False,3
441,Empoleon,3,Steel,530,0.577303351,0.21562902,0.454006117,1.166788606,1.045585111,-0.284837064,4,False,3
442,Starly,5,Flying,245,-1.145844106,-0.739470051,-1.40595184,-1.308587955,-1.50571802,-0.284837064,4,False,3
443,Staravia,5,Flying,340,-0.558407473,-0.123277102,-0.764587028,-1.00298591,-1.146379551,0.403382963,4,False,3
444,Staraptor,5,Flying,485,0.616465793,1.263157034,-0.123222215,-0.697383866,-0.427702613,1.09160299,4,False,3
445,Bidoof,5,,250,-0.401757704,-1.047566526,-1.085269434,-1.155786932,-1.146379551,-1.282756102,4,False,3
446,Bibarel,5,Water,410,0.38149114,0.184819373,-0.443904621,-0.544582843,-0.427702613,0.093683951,4,False,3
447,Kricketot,4,,194,-1.263331432,-1.663759475,-1.053201193,-1.461388977,-1.110445704,-1.48922211,4,False,4
448,Kricketune,4,,384,0.303166256,0.184819373,-0.732518787,-0.544582843,-0.751107235,-0.112782057,4,False,4
449,Shinx,7,,263,-0.950031895,-0.431373577,-1.277678878,-1.00298591,-1.361982633,-0.801002084,4,False,2
450,Luxio,7,,363,-0.362595262,0.184819373,-0.796655268,-0.391781821,-0.822974929,-0.284837064,4,False,2
451,Luxray,7,,523,0.420653582,1.263157034,0.165391951,0.677825335,0.255040478,0.05927295,4,False,2
452,Budew,1,Poison,280,-1.145844106,-1.509711238,-1.245610637,-0.697383866,-0.068364144,-0.45689207,4,False,3
453,Roserade,1,Poison,515,-0.362595262,-0.277325339,-0.283563418,1.594631468,1.189320498,0.747492977,4,False,3
454,Cranidos,12,,350,-0.088458166,1.417205271,-1.085269434,-1.308587955,-1.50571802,-0.353659066,4,False,1
455,Rampardos,12,,495,1.0864151,2.64959117,-0.443904621,-0.238980799,-0.787041082,-0.353659066,4,False,1
456,Shieldon,12,Steel,350,-1.537468528,-1.139995468,1.416053336,-0.941865501,0.578445101,-1.317167104,4,False,1
457,Bastiodon,12,Steel,495,-0.362595262,-0.831898994,3.019465368,-0.789064479,2.375137446,-1.317167104,4,False,1
458,Burmy,4,,224,-1.145844106,-1.540520885,-0.924928231,-1.339148159,-0.966710317,-1.110701096,4,False,4
459,WormadamPlant Cloak,4,Grass,424,-0.362595262,-0.616231461,0.357801395,0.188862064,1.189320498,-1.110701096,4,False,4
460,WormadamSandy Cloak,4,Ground,424,-0.362595262,-3.85e-05,0.999166208,-0.422342026,0.47064356,-1.110701096,4,False,4
461,WormadamTrash Cloak,4,Steel,424,-0.362595262,-0.308134987,0.678483801,-0.116739981,0.829982029,-1.110701096,4,False,4
462,Mothim,4,Flying,424,0.02902916,0.4621062,-0.764587028,0.64726513,-0.787041082,-0.078371056,4,False,4
463,Combee,4,Flying,244,-1.537468528,-1.509711238,-1.021132953,-1.308587955,-1.074511857,0.05927295,4,False,4
464,Vespiquen,4,Flying,474,0.02902916,0.030771135,0.902961486,0.219422268,1.081518957,-0.97305709,4,False,4
465,Pachirisu,7,,405,-0.362595262,-1.047566526,-0.123222215,-0.850184888,0.650312795,0.919547983,4,False,2
466,Buizel,3,,330,-0.558407473,-0.431373577,-1.245610637,-0.391781821,-1.50571802,0.57543797,4,False,3
467,Floatzel,3,,495,0.616465793,0.801012322,-0.604245824,0.37222329,-0.787041082,1.60776801,4,False,3
468,Cherubi,1,,275,-0.950031895,-1.355663,-0.924928231,-0.330661412,-0.679239541,-1.145112097,4,False,3
469,Cherrim,1,,450,0.02902916,-0.585421814,-0.123222215,0.433343699,0.219106632,0.57543797,4,False,3
470,Shellos,3,,325,0.264003813,-0.955137583,-0.828723509,-0.483462434,-0.355834919,-1.179523098,4,False,3
471,Gastrodon,3,Ground,475,1.63468929,0.123200078,-0.187358696,0.586144721,0.362842019,-1.007468092,4,False,3
472,Ambipom,5,,482,0.224841371,0.646964085,-0.251495177,-0.391781821,-0.212099531,1.60776801,4,False,3
473,Drifloon,13,Flying,348,0.812278004,-0.893518288,-1.277678878,-0.391781821,-1.002644163,0.05927295,4,False,4
474,Drifblim,13,Flying,498,3.162024536,0.030771135,-0.956996471,0.525024313,-0.643305694,0.403382963,4,False,4
475,Buneary,5,,350,-0.558407473,-0.400563929,-0.956996471,-0.880745092,-0.571438001,0.57543797,4,False,3
476,Lopunny,5,,480,-0.166783051,-0.092467454,0.325733154,-0.575143048,0.865915876,1.263657997,4,False,3
477,LopunnyMega Lopunny,5,Fighting,580,-0.166783051,1.756111393,0.646415561,-0.575143048,0.865915876,2.295988037,4,False,3
478,Mismagius,13,,495,-0.362595262,-0.585421814,-0.443904621,0.983427379,1.189320498,1.263657997,4,False,4
479,Honchkrow,16,Flying,505,1.203902426,1.417205271,-0.700450546,0.983427379,-0.715173388,0.093683951,4,False,4
480,Glameow,5,,310,-0.793382126,-0.739470051,-1.021132953,-0.941865501,-1.254181092,0.57543797,4,False,3
481,Purugly,5,,452,0.068191602,0.09239043,-0.315631659,-0.269541003,-0.46363646,1.504535006,4,False,3
482,Chingling,11,,285,-0.950031895,-1.509711238,-0.764587028,-0.238980799,-0.787041082,-0.801002084,4,False,2
483,Stunky,6,Dark,329,-0.245107935,-0.492992871,-0.860791749,-0.972425706,-1.110445704,0.196916955,4,False,3
484,Skuntank,6,Dark,479,1.321389753,0.431296552,-0.219426937,-0.055619572,-0.391768766,0.541026969,4,False,3
485,Bronzor,17,Psychic,300,-0.480082588,-1.694569122,0.389869636,-1.491949181,0.506577407,-1.558044113,4,False,1
486,Bronzong,17,Psychic,500,-0.088458166,0.308057963,1.351916855,0.188862064,1.584592814,-1.2139341,4,False,1
487,Bonsly,12,,290,-0.754219684,0.030771135,0.678483801,-1.919792044,-0.966710317,-2.005387131,4,False,1
488,Mime Jr.,11,Fairy,310,-1.92909295,-1.663759475,-0.924928231,-0.086179777,0.650312795,-0.284837064,4,False,2
489,Happiny,5,,220,1.203902426,-2.279952424,-2.207657856,-1.766991022,-0.248033378,-1.317167104,4,False,3
490,Chatot,5,Flying,411,0.264003813,-0.431373577,-0.924928231,0.586144721,-1.074511857,0.781903978,4,False,3
491,Spiritomb,13,Dark,485,-0.754219684,0.400486905,1.09537093,0.586144721,1.297122039,-1.145112097,4,False,4
492,Gible,15,Ground,300,-0.440920146,-0.277325339,-0.924928231,-1.00298591,-0.966710317,-0.904235088,4,False,4
493,Gabite,15,Ground,410,-0.049295724,0.33886761,-0.283563418,-0.697383866,-0.607371847,0.472204966,4,False,4
494,Garchomp,15,Ground,600,1.517201964,1.571253509,0.678483801,0.219422268,0.47064356,1.160424993,4,False,4
495,GarchompMega Garchomp,15,Ground,700,1.517201964,2.803639407,1.319848614,1.441830446,0.829982029,0.816314979,4,False,4
496,Munchlax,5,,390,2.574587903,0.184819373,-1.085269434,-1.00298591,0.47064356,-2.177442137,4,False,3
497,Riolu,10,,285,-1.145844106,-0.277325339,-1.085269434,-1.155786932,-1.146379551,-0.284837064,4,False,1
498,Lucario,10,Steel,525,0.02902916,0.955060559,-0.123222215,1.289029424,-0.068364144,0.747492977,4,False,1
499,LucarioMega Lucario,10,Steel,625,0.02902916,2.03339822,0.454006117,2.053034535,-0.068364144,1.504535006,4,False,1
500,Hippopotas,8,,330,-0.049295724,-0.215706044,0.13332371,-1.064106319,-1.074511857,-1.248345101,4,False,1
501,Hippowdon,8,,525,1.517201964,1.016679854,1.416053336,-0.147300185,0.00350355,-0.732180081,4,False,1
502,Skorupi,6,Bug,330,-1.145844106,-0.893518288,0.518142598,-1.308587955,-0.607371847,-0.112782057,4,False,3
503,Drapion,6,Dark,500,0.02902916,0.33886761,1.159507411,-0.391781821,0.111305091,0.919547983,4,False,3
504,Croagunk,6,Fighting,300,-0.832544568,-0.554612166,-1.085269434,-0.361221617,-1.146379551,-0.628947077,4,False,3
505,Toxicroak,6,Fighting,490,0.538140909,0.831821969,-0.283563418,0.402783495,-0.248033378,0.57543797,4,False,3
506,Carnivine,1,,454,0.185678929,0.646964085,-0.059085733,0.525024313,0.00350355,-0.766591082,4,False,3
507,Finneon,3,,330,-0.793382126,-0.924327936,-0.572177584,-0.72794407,-0.391768766,-0.078371056,4,False,3
508,Lumineon,3,,460,-0.010133282,-0.308134987,0.069187229,-0.116739981,0.506577407,0.781903978,4,False,3
509,Mantyke,3,Flying,345,-0.950031895,-1.817807712,-0.764587028,-0.391781821,1.728328202,-0.628947077,4,False,3
510,Snover,1,Ice,334,-0.362595262,-0.523802519,-0.764587028,-0.330661412,-0.427702613,-0.97305709,4,False,3
511,Abomasnow,1,Ice,494,0.812278004,0.400486905,0.037118989,0.586144721,0.47064356,-0.284837064,4,False,3
512,AbomasnowMega Abomasnow,1,Ice,594,0.812278004,1.632872803,0.999166208,1.8085529,1.189320498,-1.317167104,4,False,3
513,Weavile,16,Ice,510,0.02902916,1.263157034,-0.283563418,-0.850184888,0.47064356,1.951878023,4,False,4
514,Magnezone,7,Steel,535,0.02902916,-0.277325339,1.319848614,1.747432491,0.650312795,-0.284837064,4,False,2
515,Lickilicky,5,,515,1.595526848,0.184819373,0.678483801,0.219422268,0.829982029,-0.628947077,4,False,3
516,Rhyperior,8,Rock,535,1.791339059,1.879349983,1.800872224,-0.544582843,-0.607371847,-0.97305709,4,False,1
517,Tangrowth,1,,535,1.203902426,0.646964085,1.640531021,1.136228402,-0.787041082,-0.628947077,4,False,3
518,Electivire,7,,540,0.224841371,1.355585976,-0.219426937,0.677825335,0.47064356,0.919547983,4,False,2
519,Magmortar,2,,540,0.224841371,0.492915847,-0.219426937,1.594631468,0.829982029,0.506615967,4,False,2
520,Togekiss,9,Flying,545,0.616465793,-0.893518288,0.678483801,1.441830446,1.548658967,0.403382963,4,False,3
521,Yanmega,4,Flying,515,0.655628235,-0.092467454,0.389869636,1.319589628,-0.571438001,0.919547983,4,False,4
522,Leafeon,1,,525,-0.166783051,0.955060559,1.800872224,-0.391781821,-0.248033378,0.919547983,4,False,3
523,Glaceon,14,,525,-0.166783051,-0.585421814,1.159507411,1.747432491,0.829982029,-0.112782057,4,False,2
524,Gliscor,8,Flying,510,0.224841371,0.492915847,1.640531021,-0.850184888,0.111305091,0.919547983,4,False,1
525,Mamoswine,14,Ground,530,1.595526848,1.571253509,0.197460192,-0.086179777,-0.427702613,0.403382963,4,False,2
526,Porygon-Z,5,,535,0.616465793,0.030771135,-0.123222215,1.900233513,0.111305091,0.747492977,4,False,3
527,Gallade,11,Fighting,518,-0.049295724,1.417205271,-0.283563418,-0.238980799,1.548658967,0.403382963,4,False,2
528,GalladeMega Gallade,11,Fighting,618,-0.049295724,2.64959117,0.678483801,-0.238980799,1.548658967,1.435713003,4,False,2
529,Probopass,12,Steel,525,-0.362595262,-0.739470051,2.281895833,0.066621246,2.806343609,-0.97305709,4,False,1
530,Dusknoir,13,,525,-0.950031895,0.646964085,1.961213427,-0.238980799,2.267335906,-0.801002084,4,False,4
531,Froslass,14,Ghost,480,0.02902916,0.030771135,-0.123222215,0.219422268,-0.068364144,1.435713003,4,False,2
532,Rotom,7,Ghost,440,-0.754219684,-0.893518288,0.10125547,0.677825335,0.183172785,0.781903978,4,False,2
533,RotomHeat Rotom,7,Fire,520,-0.754219684,-0.431373577,1.063302689,0.983427379,1.261188192,0.609848971,4,False,2
534,RotomWash Rotom,7,Water,520,-0.754219684,-0.431373577,1.063302689,0.983427379,1.261188192,0.609848971,4,False,2
535,RotomFrost Rotom,7,Ice,520,-0.754219684,-0.431373577,1.063302689,0.983427379,1.261188192,0.609848971,4,False,2
536,RotomFan Rotom,7,Flying,520,-0.754219684,-0.431373577,1.063302689,0.983427379,1.261188192,0.609848971,4,False,2
537,RotomMow Rotom,7,Grass,520,-0.754219684,-0.431373577,1.063302689,0.983427379,1.261188192,0.609848971,4,False,2
538,Uxie,11,,580,0.224841371,-0.123277102,1.800872224,0.066621246,2.087666671,0.919547983,4,True,2
539,Mesprit,11,,580,0.420653582,0.801012322,0.999166208,0.983427379,1.189320498,0.403382963,4,True,2
540,Azelf,11,,580,0.224841371,1.417205271,-0.123222215,1.594631468,-0.068364144,1.60776801,4,True,2
541,Dialga,17,Dragon,680,1.203902426,1.263157034,1.480189817,2.35863658,1.009651264,0.747492977,4,True,1
542,Palkia,3,Dragon,680,0.812278004,1.263157034,0.838825005,2.35863658,1.728328202,1.09160299,4,True,3
543,Heatran,2,Steel,600,0.851440446,0.33886761,1.031234448,1.747432491,1.225254345,0.300149959,4,True,2
544,Regigigas,5,,670,1.595526848,2.495542932,1.159507411,0.219422268,1.368989733,1.09160299,4,True,3
545,GiratinaAltered Forme,13,Dragon,680,3.162024536,0.646964085,1.480189817,0.830626357,1.728328202,0.747492977,4,True,4
546,GiratinaOrigin Forme,13,Dragon,680,3.162024536,1.263157034,0.838825005,1.441830446,1.009651264,0.747492977,4,True,4
547,Cresselia,11,,600,1.98715127,-0.277325339,1.480189817,0.066621246,2.087666671,0.57543797,4,False,2
548,Phione,3,,480,0.420653582,0.030771135,0.197460192,0.219422268,0.290974325,0.403382963,4,False,3
549,Manaphy,3,,600,1.203902426,0.646964085,0.838825005,0.830626357,1.009651264,1.09160299,4,False,3
550,Darkrai,16,,600,0.02902916,0.33886761,0.518142598,1.900233513,0.650312795,1.951878023,4,True,4
551,ShayminLand Forme,1,,600,1.203902426,0.646964085,0.838825005,0.830626357,1.009651264,1.09160299,4,True,3
552,ShayminSky Forme,1,Flying,600,1.203902426,0.739393027,0.037118989,1.441830446,0.111305091,2.020700026,4,True,3
553,Arceus,5,,720,1.98715127,1.263157034,1.480189817,1.441830446,1.728328202,1.779823017,4,True,3
554,Victini,11,Fire,600,1.203902426,0.646964085,0.838825005,0.830626357,1.009651264,1.09160299,5,True,2
555,Snivy,1,,308,-0.950031895,-1.047566526,-0.604245824,-0.850184888,-0.607371847,-0.18160406,5,False,3
556,Servine,1,,413,-0.362595262,-0.585421814,0.037118989,-0.391781821,0.111305091,0.506615967,5,False,3
557,Serperior,1,,528,0.224841371,-0.123277102,0.678483801,0.066621246,0.829982029,1.538946007,5,False,3
558,Tepig,2,,308,-0.166783051,-0.492992871,-0.924928231,-0.850184888,-0.966710317,-0.801002084,5,False,2
559,Pignite,2,Fighting,418,0.812278004,0.431296552,-0.604245824,-0.086179777,-0.607371847,-0.45689207,5,False,2
560,Emboar,2,Fighting,528,1.595526848,1.355585976,-0.283563418,0.830626357,-0.248033378,-0.112782057,5,False,2
561,Oshawott,3,,308,-0.558407473,-0.739470051,-0.924928231,-0.300101208,-0.966710317,-0.801002084,5,False,3
562,Dewott,3,,413,0.224841371,-0.123277102,-0.443904621,0.311102881,-0.427702613,-0.284837064,5,False,3
563,Samurott,3,,528,1.008090215,0.646964085,0.357801395,1.075107993,-0.068364144,0.05927295,5,False,3
564,Patrat,5,,255,-0.950031895,-0.739470051,-1.117337675,-1.155786932,-1.182313398,-0.904235088,5,False,3
565,Watchog,5,,420,-0.362595262,0.184819373,-0.155290455,-0.391781821,-0.104297991,0.300149959,5,False,3
566,Lillipup,5,,275,-0.950031895,-0.585421814,-0.924928231,-1.461388977,-0.966710317,-0.45689207,5,False,3
567,Herdier,5,,370,-0.166783051,0.030771135,-0.283563418,-1.155786932,-0.248033378,-0.284837064,5,False,3
568,Stoutland,5,,500,0.616465793,0.955060559,0.518142598,-0.850184888,0.650312795,0.403382963,5,False,3
569,Purrloin,16,,281,-1.106681663,-0.893518288,-1.181474156,-0.697383866,-1.254181092,-0.078371056,5,False,4
570,Liepard,16,,446,-0.205945493,0.277248315,-0.764587028,0.463903904,-0.787041082,1.298068998,5,False,4
571,Pansage,1,,316,-0.754219684,-0.801089346,-0.828723509,-0.605703252,-0.858908776,-0.147193058,5,False,3
572,Simisage,1,,498,0.224841371,0.58534479,-0.347699899,0.769505948,-0.319901072,1.126013991,5,False,3
573,Pansear,2,,316,-0.754219684,-0.801089346,-0.828723509,-0.605703252,-0.858908776,-0.147193058,5,False,2
574,Simisear,2,,498,0.224841371,0.58534479,-0.347699899,0.769505948,-0.319901072,1.126013991,5,False,2
575,Panpour,3,,316,-0.754219684,-0.801089346,-0.828723509,-0.605703252,-0.858908776,-0.147193058,5,False,3
576,Simipour,3,,498,0.224841371,0.58534479,-0.347699899,0.769505948,-0.319901072,1.126013991,5,False,3
577,Munna,11,,292,0.264003813,-1.663759475,-0.924928231,-0.17786039,-0.607371847,-1.523633112,5,False,2
578,Musharna,11,,487,1.830501501,-0.739470051,0.357801395,1.044547788,0.829982029,-1.351578105,5,False,2
579,Pidove,5,Flying,264,-0.754219684,-0.739470051,-0.764587028,-1.125226728,-1.50571802,-0.869824086,5,False,3
580,Tranquill,5,Flying,358,-0.284270377,-0.061657807,-0.37976814,-0.697383866,-1.074511857,-0.112782057,5,False,3
581,Unfezant,5,Flying,488,0.420653582,1.109108797,0.197460192,-0.238980799,-0.607371847,0.850725981,5,False,3
582,Blitzle,7,,295,-0.950031895,-0.585421814,-1.341815359,-0.697383866,-1.433850326,0.265738958,5,False,2
583,Zebstrika,7,,497,0.224841371,0.646964085,-0.347699899,0.219422268,-0.319901072,1.642179011,5,False,2
584,Roggenrola,12,,280,-0.558407473,-0.123277102,0.357801395,-1.461388977,-1.685387255,-1.833332124,5,False,1
585,Boldore,12,,390,0.02902916,0.801012322,0.999166208,-0.697383866,-1.146379551,-1.661277117,5,False,1
586,Gigalith,12,,515,0.616465793,1.725301746,1.800872224,-0.391781821,0.290974325,-1.48922211,5,False,1
587,Woobat,11,Flying,313,-0.558407473,-1.047566526,-0.989064712,-0.544582843,-1.03857801,0.128094952,5,False,2
588,Swoobat,11,Flying,425,-0.088458166,-0.677850756,-0.604245824,0.127741655,-0.607371847,1.573357009,5,False,2
589,Drilbur,8,,328,-0.362595262,0.184819373,-1.085269434,-1.308587955,-0.966710317,-0.009549053,5,False,1
590,Excadrill,8,Steel,508,1.595526848,1.725301746,-0.443904621,-0.697383866,-0.248033378,0.678670974,5,False,1
591,Audino,5,,445,1.321389753,-0.585421814,0.389869636,-0.391781821,0.506577407,-0.628947077,5,False,3
592,AudinoMega Audino,5,Fairy,545,1.321389753,-0.585421814,1.672599261,0.219422268,1.943931283,-0.628947077,5,False,3
593,Timburr,10,,305,0.224841371,0.030771135,-0.604245824,-1.461388977,-1.326048786,-1.145112097,5,False,1
594,Gurdurr,10,,405,0.616465793,0.801012322,0.357801395,-1.00298591,-0.787041082,-0.97305709,5,False,1
595,Conkeldurr,10,,505,1.399714637,1.879349983,0.678483801,-0.544582843,-0.248033378,-0.801002084,5,False,1
596,Tympole,3,,294,-0.754219684,-0.893518288,-1.085269434,-0.697383866,-1.146379551,-0.147193058,5,False,3
597,Palpitoad,3,Ground,384,0.224841371,-0.431373577,-0.604245824,-0.238980799,-0.607371847,0.024861948,5,False,3
598,Seismitoad,3,Ground,509,1.399714637,0.492915847,0.037118989,0.37222329,0.111305091,0.196916955,5,False,3
599,Throh,10,,465,1.98715127,0.646964085,0.357801395,-1.308587955,0.47064356,-0.801002084,5,False,1
600,Sawk,10,,465,0.224841371,1.417205271,0.037118989,-1.308587955,0.111305091,0.57543797,5,False,1
601,Sewaddle,4,Grass,310,-0.950031895,-0.801089346,-0.123222215,-1.00298591,-0.427702613,-0.904235088,5,False,4
602,Swadloon,4,Grass,380,-0.558407473,-0.492992871,0.518142598,-0.697383866,0.290974325,-0.904235088,5,False,4
603,Leavanny,4,Grass,500,0.224841371,0.739393027,0.197460192,-0.086179777,0.290974325,0.816314979,5,False,4
604,Venipede,4,Poison,260,-1.537468528,-1.047566526,-0.475972862,-1.308587955,-1.182313398,-0.388070068,5,False,4
605,Whirlipede,4,Poison,360,-1.145844106,-0.739470051,0.806756764,-1.00298591,0.255040478,-0.732180081,5,False,4
606,Scolipede,4,Poison,485,-0.362595262,0.646964085,0.486074358,-0.544582843,-0.104297991,1.504535006,5,False,4
607,Cottonee,1,Fairy,280,-1.145844106,-1.60214018,-0.443904621,-1.094666524,-0.787041082,-0.078371056,5,False,3
608,Whimsicott,1,Fairy,480,-0.362595262,-0.369754282,0.357801395,0.127741655,0.111305091,1.642179011,5,False,3
609,Petilil,1,,280,-0.950031895,-1.355663,-0.764587028,-0.086179777,-0.787041082,-1.317167104,5,False,3
610,Lilligant,1,,480,0.02902916,-0.585421814,0.037118989,1.136228402,0.111305091,0.747492977,5,False,3
611,Basculin,3,,460,0.02902916,0.400486905,-0.283563418,0.219422268,-0.607371847,1.022780987,5,False,3
612,Sandile,8,Dark,292,-0.754219684,-0.215706044,-1.245610637,-1.155786932,-1.326048786,-0.112782057,5,False,1
613,Krokorok,8,Dark,351,-0.362595262,0.09239043,-0.924928231,-0.850184888,-0.966710317,0.196916955,5,False,1
614,Krookodile,8,Dark,519,1.008090215,1.170728092,0.197460192,-0.238980799,-0.068364144,0.816314979,5,False,1
615,Darumaka,2,,315,0.02902916,0.33886761,-0.924928231,-1.766991022,-0.966710317,-0.628947077,5,False,2
616,DarmanitanStandard Mode,2,,480,1.399714637,1.879349983,-0.604245824,-1.308587955,-0.607371847,0.919547983,5,False,2
617,DarmanitanZen Mode,2,Psychic,540,1.399714637,-1.509711238,0.999166208,2.053034535,1.189320498,-0.45689207,5,False,2
618,Maractus,1,,461,0.224841371,0.21562902,-0.219426937,1.013987584,-0.176165684,-0.284837064,5,False,3
619,Dwebble,4,Rock,325,-0.754219684,-0.431373577,0.357801395,-1.155786932,-1.326048786,-0.45689207,5,False,4
620,Crustle,4,Rock,475,0.02902916,0.492915847,1.640531021,-0.238980799,0.111305091,-0.801002084,5,False,4
621,Scraggy,16,Fighting,348,-0.754219684,-0.123277102,-0.123222215,-1.155786932,-0.068364144,-0.69776908,5,False,4
622,Scrafty,16,Fighting,488,-0.166783051,0.33886761,1.319848614,-0.850184888,1.548658967,-0.353659066,5,False,4
623,Sigilyph,11,Flying,490,0.107354045,-0.647041109,0.197460192,0.92230697,0.290974325,0.988369986,5,False,2
624,Yamask,13,,303,-1.22416899,-1.509711238,0.357801395,-0.544582843,-0.248033378,-1.317167104,5,False,4
625,Cofagrigus,13,,483,-0.440920146,-0.893518288,2.281895833,0.677825335,1.189320498,-1.317167104,5,False,4
626,Tirtouga,3,Rock,355,-0.597569915,-0.03084816,0.935029727,-0.605703252,-0.966710317,-1.592455114,5,False,3
627,Carracosta,3,Rock,495,0.185678929,0.893441264,1.897076946,0.311102881,-0.248033378,-1.248345101,5,False,3
628,Archen,12,Flying,401,-0.558407473,1.016679854,-0.924928231,0.036061041,-0.966710317,0.05927295,5,False,1
629,Archeops,12,Flying,567,0.224841371,1.879349983,-0.283563418,1.197348811,-0.248033378,1.435713003,5,False,1
630,Trubbish,6,,329,-0.754219684,-0.893518288,-0.37976814,-1.00298591,-0.355834919,-0.112782057,5,False,3
631,Garbodor,6,,474,0.420653582,0.492915847,0.261596673,-0.391781821,0.362842019,0.231327957,5,False,3
632,Zorua,16,,330,-1.145844106,-0.431373577,-1.085269434,0.219422268,-1.146379551,-0.112782057,5,False,4
633,Zoroark,16,,510,-0.362595262,0.801012322,-0.443904621,1.441830446,-0.427702613,1.263657997,5,False,4
634,Minccino,5,,300,-0.558407473,-0.893518288,-1.085269434,-1.00298591,-1.146379551,0.231327957,5,False,3
635,Cinccino,5,,470,0.224841371,0.492915847,-0.443904621,-0.238980799,-0.427702613,1.60776801,5,False,3
636,Gothita,11,,290,-0.950031895,-1.509711238,-0.764587028,-0.544582843,-0.248033378,-0.801002084,5,False,2
637,Gothorita,11,,390,-0.362595262,-1.047566526,-0.123222215,0.066621246,0.47064356,-0.45689207,5,False,2
638,Gothitelle,11,,490,0.02902916,-0.739470051,0.678483801,0.677825335,1.368989733,-0.112782057,5,False,2
639,Solosis,11,,290,-0.950031895,-1.509711238,-1.085269434,0.983427379,-0.787041082,-1.661277117,5,False,2
640,Duosion,11,,370,-0.166783051,-1.201614763,-0.764587028,1.594631468,-0.427702613,-1.317167104,5,False,2
641,Reuniclus,11,,490,1.595526848,-0.431373577,0.037118989,1.594631468,0.47064356,-1.317167104,5,False,2
642,Ducklett,3,Flying,305,-0.284270377,-1.078376173,-0.764587028,-0.880745092,-0.787041082,-0.45689207,5,False,3
643,Swanna,3,Flying,473,0.224841371,0.246438668,-0.347699899,0.433343699,-0.319901072,1.022780987,5,False,3
644,Vanillite,14,,305,-1.302493874,-0.893518288,-0.764587028,-0.238980799,-0.427702613,-0.835413085,5,False,2
645,Vanillish,14,,395,-0.715057241,-0.431373577,-0.283563418,0.219422268,0.111305091,-0.319248065,5,False,2
646,Vanilluxe,14,,535,0.068191602,0.492915847,0.357801395,1.136228402,0.829982029,0.368971962,5,False,2
647,Deerling,5,Grass,335,-0.362595262,-0.585421814,-0.764587028,-1.00298591,-0.787041082,0.231327957,5,False,3
648,Sawsbuck,5,Grass,475,0.420653582,0.646964085,-0.123222215,-0.391781821,-0.068364144,0.919547983,5,False,3
649,Emolga,7,Flying,428,-0.558407473,-0.123277102,-0.443904621,0.066621246,-0.427702613,1.194835994,5,False,2
650,Karrablast,4,,315,-0.754219684,-0.123277102,-0.924928231,-1.00298591,-0.966710317,-0.284837064,5,False,4
651,Escavalier,4,Steel,495,0.02902916,1.725301746,0.999166208,-0.391781821,1.189320498,-1.661277117,5,False,4
652,Foongus,1,Poison,294,-0.010133282,-0.739470051,-0.924928231,-0.544582843,-0.607371847,-1.833332124,5,False,3
653,Amoonguss,1,Poison,464,1.752176617,0.184819373,-0.123222215,0.37222329,0.290974325,-1.317167104,5,False,3
654,Frillish,3,Ghost,335,-0.558407473,-1.201614763,-0.764587028,-0.238980799,0.47064356,-0.97305709,5,False,3
655,Jellicent,3,Ghost,480,1.203902426,-0.585421814,-0.123222215,0.37222329,1.189320498,-0.284837064,5,False,3
656,Alomomola,3,,470,3.749461169,-0.123277102,0.197460192,-1.00298591,-0.966710317,-0.112782057,5,False,3
657,Joltik,4,Electric,319,-0.754219684,-0.985947231,-0.764587028,-0.483462434,-0.787041082,-0.112782057,5,False,4
658,Galvantula,4,Electric,472,0.02902916,-0.061657807,-0.443904621,0.738945744,-0.427702613,1.366891001,5,False,4
659,Ferroseed,1,Steel,305,-0.989194337,-0.893518288,0.550210839,-1.491949181,0.506577407,-2.005387131,5,False,3
660,Ferrothorn,1,Steel,489,0.185678929,0.4621062,1.832940465,-0.575143048,1.584592814,-1.661277117,5,False,3
661,Klink,17,,300,-1.145844106,-0.739470051,-0.123222215,-0.850184888,-0.427702613,-1.317167104,5,False,1
662,Klang,17,,440,-0.362595262,0.030771135,0.678483801,-0.086179777,0.47064356,-0.628947077,5,False,1
663,Klinklang,17,,520,-0.362595262,0.646964085,1.319848614,-0.086179777,0.47064356,0.747492977,5,False,1
664,Tynamo,7,,275,-1.341656317,-0.739470051,-1.085269434,-0.850184888,-1.146379551,-0.284837064,5,False,2
665,Eelektrik,7,,405,-0.166783051,0.184819373,-0.123222215,0.066621246,-0.068364144,-0.97305709,5,False,2
666,Eelektross,7,,515,0.616465793,1.109108797,0.197460192,0.983427379,0.290974325,-0.628947077,5,False,2
667,Elgyem,11,,335,-0.558407473,-0.739470051,-0.604245824,0.37222329,-0.607371847,-1.317167104,5,False,2
668,Beheeyem,11,,485,0.224841371,-0.123277102,0.037118989,1.594631468,0.829982029,-0.97305709,5,False,2
669,Litwick,13,Fire,275,-0.754219684,-1.509711238,-0.604245824,-0.238980799,-0.607371847,-1.661277117,5,False,4
670,Lampent,13,Fire,370,-0.362595262,-1.201614763,-0.443904621,0.677825335,-0.427702613,-0.45689207,5,False,4
671,Chandelure,13,Fire,520,-0.362595262,-0.739470051,0.518142598,2.205835557,0.650312795,0.403382963,5,False,4
672,Axew,15,,320,-0.910869452,0.246438668,-0.443904621,-1.308587955,-1.146379551,-0.388070068,5,False,4
673,Fraxure,15,,410,-0.127620609,1.170728092,-0.123222215,-1.00298591,-0.787041082,-0.043960054,5,False,4
674,Haxorus,15,,540,0.264003813,2.095017515,0.518142598,-0.391781821,-0.068364144,0.988369986,5,False,4
675,Cubchoo,14,,305,-0.558407473,-0.277325339,-1.085269434,-0.391781821,-1.146379551,-0.97305709,5,False,2
676,Beartic,14,,485,1.008090215,0.955060559,0.197460192,-0.086179777,0.290974325,-0.628947077,5,False,2
677,Cryogonal,14,,485,0.02902916,-0.893518288,-1.40595184,0.677825335,2.267335906,1.263657997,5,False,2
678,Shelmet,4,,305,-0.754219684,-1.201614763,0.357801395,-1.00298591,-0.248033378,-1.48922211,5,False,4
679,Accelgor,4,,495,0.420653582,-0.277325339,-1.085269434,0.830626357,-0.427702613,2.64009805,5,False,4
680,Stunfisk,8,Electric,471,1.556364406,-0.400563929,0.325733154,0.249982472,0.973717417,-1.248345101,5,False,1
681,Mienfoo,10,,350,-0.950031895,0.184819373,-0.764587028,-0.544582843,-0.787041082,-0.112782057,5,False,1
682,Mienshao,10,,510,-0.166783051,1.417205271,-0.443904621,0.677825335,-0.427702613,1.263657997,5,False,1
683,Druddigon,15,,485,0.303166256,1.263157034,0.518142598,-0.391781821,0.650312795,-0.69776908,5,False,4
684,Golett,8,Ghost,303,-0.401757704,-0.154086749,-0.764587028,-1.155786932,-0.787041082,-1.145112097,5,False,1
685,Golurk,8,Ghost,483,0.773115562,1.386395624,0.197460192,-0.544582843,0.290974325,-0.45689207,5,False,1
686,Pawniard,16,Steel,340,-0.950031895,0.184819373,-0.123222215,-1.00298591,-1.146379551,-0.284837064,5,False,4
687,Bisharp,16,Steel,490,-0.166783051,1.417205271,0.838825005,-0.391781821,-0.068364144,0.05927295,5,False,4
688,Bouffalant,5,,490,1.008090215,0.955060559,0.678483801,-1.00298591,0.829982029,-0.45689207,5,False,3
689,Rufflet,5,Flying,350,0.02902916,0.123200078,-0.764587028,-1.094666524,-0.787041082,-0.284837064,5,False,3
690,Braviary,5,Flying,510,1.203902426,1.355585976,0.037118989,-0.483462434,0.111305091,0.403382963,5,False,3
691,Vullaby,16,Flying,370,0.02902916,-0.739470051,0.037118989,-0.850184888,-0.248033378,-0.284837064,5,False,4
692,Mandibuzz,16,Flying,510,1.595526848,-0.431373577,0.999166208,-0.544582843,0.829982029,0.403382963,5,False,4
693,Heatmor,2,,484,0.616465793,0.554535142,-0.251495177,0.983427379,-0.212099531,-0.112782057,5,False,2
694,Durant,4,Steel,484,-0.440920146,0.924250912,1.223643892,-0.758504275,-0.858908776,1.401302002,5,False,4
695,Deino,16,Dragon,300,-0.675894799,-0.431373577,-0.764587028,-0.850184888,-0.787041082,-1.041879093,5,False,4
696,Zweilous,16,Dragon,420,0.107354045,0.184819373,-0.123222215,-0.238980799,-0.068364144,-0.353659066,5,False,4
697,Hydreigon,16,Dragon,600,0.890602889,0.801012322,0.518142598,1.594631468,0.650312795,1.022780987,5,False,4
698,Larvesta,4,Fire,360,-0.558407473,0.184819373,-0.604245824,-0.697383866,-0.607371847,-0.284837064,5,False,4
699,Volcarona,4,Fire,550,0.616465793,-0.585421814,-0.283563418,1.900233513,1.189320498,1.09160299,5,False,4
700,Cobalion,17,Fighting,580,0.851440446,0.33886761,1.768803983,0.525024313,0.00350355,1.366891001,5,True,1
701,Terrakion,12,Fighting,580,0.851440446,1.540443861,0.518142598,-0.025059368,0.650312795,1.366891001,5,True,1
702,Virizion,1,Fighting,580,0.851440446,0.33886761,-0.059085733,0.525024313,2.051732824,1.366891001,5,True,3
703,TornadusIncarnate Forme,18,,580,0.38149114,1.109108797,-0.123222215,1.594631468,0.290974325,1.470124005,5,True,4
704,TornadusTherian Forme,18,,580,0.38149114,0.646964085,0.197460192,1.136228402,0.650312795,1.814234018,5,True,4
705,ThundurusIncarnate Forme,7,Flying,580,0.38149114,1.109108797,-0.123222215,1.594631468,0.290974325,1.470124005,5,True,2
706,ThundurusTherian Forme,7,Flying,580,0.38149114,0.801012322,-0.123222215,2.205835557,0.290974325,1.126013991,5,True,2
707,Reshiram,15,Fire,680,1.203902426,1.263157034,0.838825005,2.35863658,1.728328202,0.747492977,5,True,4
708,Zekrom,15,Electric,680,1.203902426,2.187446458,1.480189817,1.441830446,1.009651264,0.747492977,5,True,4
709,LandorusIncarnate Forme,8,Flying,600,0.773115562,1.417205271,0.518142598,1.289029424,0.290974325,1.126013991,5,True,1
710,LandorusTherian Forme,8,Flying,600,0.773115562,2.03339822,0.518142598,0.983427379,0.290974325,0.781903978,5,True,1
711,Kyurem,15,Ice,660,2.182963481,1.571253509,0.518142598,1.747432491,0.650312795,0.919547983,5,True,4
712,KyuremBlack Kyurem,15,Ice,700,2.182963481,2.803639407,0.838825005,1.441830446,0.650312795,0.919547983,5,True,4
713,KyuremWhite Kyurem,15,Ice,700,2.182963481,1.263157034,0.518142598,2.969840669,1.009651264,0.919547983,5,True,4
714,KeldeoOrdinary Forme,3,Fighting,580,0.851440446,-0.215706044,0.518142598,1.716872286,0.650312795,1.366891001,5,False,3
715,KeldeoResolute Forme,3,Fighting,580,0.851440446,-0.215706044,0.518142598,1.716872286,0.650312795,1.366891001,5,False,3
716,MeloettaAria Forme,5,Psychic,600,1.203902426,-0.061657807,0.10125547,1.686312082,2.015798977,0.747492977,5,False,3
717,MeloettaPirouette Forme,5,Fighting,600,1.203902426,1.509634214,0.518142598,0.127741655,0.183172785,2.055111027,5,False,3
718,Genesect,4,Steel,600,0.068191602,1.263157034,0.678483801,1.441830446,0.829982029,1.057191989,5,False,4
719,Chespin,1,,313,-0.51924503,-0.554612166,-0.283563418,-0.758504275,-0.966710317,-1.041879093,6,False,3
720,Quilladin,1,,405,-0.323432819,-0.03084816,0.678483801,-0.514022639,-0.499570307,-0.388070068,6,False,3
721,Chesnaught,1,Fighting,530,0.73395312,0.862631617,1.544326299,0.036061041,0.111305091,-0.147193058,6,False,3
722,Fennekin,2,,307,-1.145844106,-1.047566526,-1.085269434,-0.330661412,-0.427702613,-0.284837064,6,False,2
723,Braixen,2,,409,-0.401757704,-0.616231461,-0.508041102,0.525024313,-0.068364144,0.162505954,6,False,2
724,Delphox,2,Psychic,534,0.224841371,-0.308134987,-0.059085733,1.258469219,1.009651264,1.229246995,6,False,2
725,Froakie,3,,314,-1.106681663,-0.708660404,-1.085269434,-0.330661412,-1.002644163,0.093683951,6,False,3
726,Frogadier,3,,405,-0.597569915,-0.492992871,-0.700450546,0.311102881,-0.571438001,0.988369986,6,False,3
727,Greninja,3,Dark,530,0.107354045,0.492915847,-0.219426937,0.92230697,-0.032430297,1.848645019,6,False,3
728,Bunnelby,5,,237,-1.22416899,-1.324853353,-1.149405915,-1.247467546,-1.290114939,-0.388070068,6,False,3
729,Diggersby,5,Ground,423,0.616465793,-0.708660404,0.10125547,-0.697383866,0.183172785,0.334560961,6,False,3
730,Fletchling,5,Flying,278,-0.950031895,-0.893518288,-0.989064712,-1.00298591,-1.218247245,-0.216015061,6,False,3
731,Fletchinder,2,Flying,382,-0.284270377,-0.184896397,-0.604245824,-0.514022639,-0.715173388,0.541026969,6,False,2
732,Talonflame,2,Flying,499,0.342328698,0.061580783,-0.091153974,0.036061041,-0.104297991,1.986289025,6,False,2
733,Scatterbug,4,,200,-1.22416899,-1.355663,-1.085269434,-1.400268568,-1.685387255,-1.145112097,6,False,4
734,Spewpa,4,,213,-0.950031895,-1.756188417,-0.443904621,-1.400268568,-1.50571802,-1.351578105,6,False,4
735,Vivillon,4,Flying,411,0.420653582,-0.831898994,-0.764587028,0.525024313,-0.787041082,0.713081975,6,False,4
736,Litleo,2,Normal,369,-0.284270377,-0.893518288,-0.508041102,0.005500837,-0.643305694,0.128094952,6,False,2
737,Pyroar,2,Normal,507,0.655628235,-0.338944634,-0.059085733,1.105668197,-0.212099531,1.298068998,6,False,2
738,Flab?b?,9,,303,-0.989194337,-1.263234058,-1.117337675,-0.361221617,0.255040478,-0.904235088,6,False,3
739,Floette,9,,371,-0.597569915,-1.047566526,-0.860791749,0.066621246,0.93778357,-0.560125074,6,False,3
740,Florges,9,,552,0.342328698,-0.431373577,-0.187358696,1.197348811,2.950078997,0.231327957,6,False,3
741,Skiddo,1,,350,-0.127620609,-0.431373577,-0.828723509,-0.330661412,-0.535504154,-0.560125074,6,False,3
742,Gogoat,1,,531,2.104638597,0.646964085,-0.37976814,0.738945744,0.326908172,-0.009549053,6,False,3
743,Pancham,10,,348,-0.088458166,0.09239043,-0.37976814,-0.819624683,-0.858908776,-0.869824086,6,False,1
744,Pangoro,10,Dark,495,1.008090215,1.386395624,0.13332371,-0.116739981,-0.032430297,-0.353659066,6,False,1
745,Furfrou,5,,472,0.224841371,0.030771135,-0.443904621,-0.238980799,0.650312795,1.160424993,6,False,3
746,Espurr,11,,355,-0.284270377,-0.955137583,-0.636314065,-0.300101208,-0.427702613,-0.009549053,6,False,2
747,MeowsticMale,11,,466,0.185678929,-0.955137583,0.069187229,0.311102881,0.326908172,1.229246995,6,False,2
748,MeowsticFemale,11,,466,0.185678929,-0.955137583,0.069187229,0.311102881,0.326908172,1.229246995,6,False,2
749,Honedge,17,Ghost,325,-0.950031895,0.030771135,0.838825005,-1.155786932,-1.254181092,-1.385989106,6,False,1
750,Doublade,17,Ghost,448,-0.401757704,0.955060559,2.442237037,-0.850184888,-0.822974929,-1.145112097,6,False,1
751,AegislashBlade Forme,17,Ghost,520,-0.362595262,2.187446458,-0.764587028,2.35863658,-0.787041082,-0.284837064,6,False,1
752,AegislashShield Forme,17,Ghost,520,-0.362595262,-0.893518288,2.442237037,-0.697383866,2.806343609,-0.284837064,6,False,1
753,Spritzee,9,,341,0.342328698,-0.831898994,-0.443904621,-0.300101208,-0.248033378,-1.558044113,6,False,3
754,Aromatisse,9,,462,1.243064868,-0.215706044,-0.059085733,0.800066153,0.614378948,-1.351578105,6,False,3
755,Swirlix,9,,341,-0.284270377,-0.955137583,-0.251495177,-0.422342026,-0.535504154,-0.663358078,6,False,3
756,Slurpuff,9,,480,0.498978467,0.030771135,0.389869636,0.37222329,0.111305091,0.128094952,6,False,3
757,Inkay,16,Psychic,288,-0.636732357,-0.770279699,-0.668382306,-1.094666524,-0.93077647,-0.801002084,6,False,4
758,Malamar,16,Psychic,482,0.655628235,0.400486905,0.454006117,-0.147300185,0.111305091,0.162505954,6,False,4
759,Binacle,12,Water,306,-1.067519221,-0.831898994,-0.219426937,-1.033546115,-0.571438001,-0.628947077,6,False,1
760,Barbaracle,12,Water,500,0.107354045,0.801012322,1.319848614,-0.575143048,0.506577407,-0.009549053,6,False,1
761,Skrelp,6,Water,320,-0.754219684,-0.585421814,-0.443904621,-0.391781821,-0.427702613,-1.317167104,6,False,3
762,Dragalge,6,Dragon,494,-0.166783051,-0.123277102,0.518142598,0.738945744,1.836129743,-0.835413085,6,False,3
763,Clauncher,3,,330,-0.754219684,-0.801089346,-0.37976814,-0.45290223,-0.319901072,-0.835413085,6,False,3
764,Clawitzer,3,,500,0.068191602,-0.184896397,0.454006117,1.441830446,0.614378948,-0.319248065,6,False,3
765,Helioptile,7,Normal,289,-0.989194337,-1.263234058,-1.309747118,-0.361221617,-1.03857801,0.05927295,6,False,2
766,Heliolisk,7,Normal,481,-0.284270377,-0.739470051,-0.700450546,1.105668197,0.794048182,1.401302002,6,False,2
767,Tyrunt,12,Dragon,362,-0.440920146,0.308057963,0.10125547,-0.850184888,-0.966710317,-0.69776908,6,False,1
768,Tyrantrum,12,Dragon,521,0.498978467,1.293966681,1.448121577,-0.116739981,-0.46363646,0.093683951,6,False,1
769,Amaura,12,Ice,362,0.303166256,-0.616231461,-0.764587028,-0.17786039,-0.319901072,-0.766591082,6,False,1
770,Aurorus,12,Ice,521,2.104638597,-0.061657807,-0.059085733,0.800066153,0.722180488,-0.353659066,6,False,1
771,Sylveon,9,,525,1.008090215,-0.431373577,-0.283563418,1.136228402,2.087666671,-0.284837064,6,False,3
772,Hawlucha,10,Flying,500,0.342328698,0.400486905,0.037118989,0.036061041,-0.319901072,1.711001014,6,False,1
773,Dedenne,7,Fairy,431,-0.088458166,-0.647041109,-0.540109343,0.249982472,-0.176165684,1.126013991,6,False,2
774,Carbink,12,Fairy,500,-0.754219684,-0.893518288,2.442237037,-0.697383866,2.806343609,-0.628947077,6,False,1
775,Goomy,15,,300,-0.950031895,-0.893518288,-1.245610637,-0.544582843,0.111305091,-0.97305709,6,False,4
776,Sliggoo,15,,452,-0.049295724,-0.123277102,-0.668382306,0.311102881,1.476791273,-0.284837064,6,False,4
777,Goodra,15,,600,0.812278004,0.646964085,-0.123222215,1.136228402,2.806343609,0.403382963,6,False,4
778,Klefki,17,Fairy,470,-0.480082588,0.030771135,0.550210839,0.219422268,0.542511254,0.231327957,6,False,1
779,Phantump,13,Grass,309,-1.028356779,-0.277325339,-0.828723509,-0.697383866,-0.427702613,-1.041879093,6,False,4
780,Trevenant,13,Grass,474,0.616465793,0.955060559,0.069187229,-0.238980799,0.362842019,-0.422481069,6,False,4
781,PumpkabooAverage Size,13,Grass,335,-0.793382126,-0.400563929,-0.123222215,-0.880745092,-0.607371847,-0.594536076,6,False,4
782,PumpkabooSmall Size,13,Grass,335,-0.989194337,-0.400563929,-0.123222215,-0.880745092,-0.607371847,-0.422481069,6,False,4
783,PumpkabooLarge Size,13,Grass,335,-0.597569915,-0.400563929,-0.123222215,-0.880745092,-0.607371847,-0.766591082,6,False,4
784,PumpkabooSuper Size,13,Grass,335,-0.401757704,-0.400563929,-0.123222215,-0.880745092,-0.607371847,-0.938646089,6,False,4
785,GourgeistAverage Size,13,Grass,494,-0.166783051,0.33886761,1.544326299,-0.45290223,0.111305091,0.541026969,6,False,4
786,GourgeistSmall Size,13,Grass,494,-0.558407473,0.184819373,1.544326299,-0.45290223,0.111305091,1.057191989,6,False,4
787,GourgeistLarge Size,13,Grass,494,0.224841371,0.492915847,1.544326299,-0.45290223,0.111305091,0.024861948,6,False,4
788,GourgeistSuper Size,13,Grass,494,0.616465793,0.646964085,1.544326299,-0.45290223,0.111305091,-0.491303072,6,False,4
789,Bergmite,14,,304,-0.558407473,-0.308134987,0.357801395,-1.247467546,-1.326048786,-1.385989106,6,False,2
790,Avalugg,14,,514,1.008090215,1.170728092,3.532557219,-0.880745092,-0.93077647,-1.385989106,6,False,2
791,Noibat,18,Dragon,245,-1.145844106,-1.509711238,-1.245610637,-0.850184888,-1.146379551,-0.45689207,6,False,4
792,Noivern,18,Dragon,535,0.616465793,-0.277325339,0.197460192,0.738945744,0.290974325,1.883056021,6,False,4
793,Xerneas,9,,680,2.222125923,1.602063156,0.678483801,1.777992695,0.93778357,1.057191989,6,True,3
794,Yveltal,16,Flying,680,2.222125923,1.602063156,0.678483801,1.777992695,0.93778357,1.057191989,6,True,4
795,Zygarde50% Forme,15,Ground,600,1.517201964,0.646964085,1.512258058,0.249982472,0.829982029,0.919547983,6,True,4
796,Diancie,12,Fairy,600,-0.754219684,0.646964085,2.442237037,0.830626357,2.806343609,-0.628947077,6,True,1
797,DiancieMega Diancie,12,Fairy,700,-0.754219684,2.495542932,1.159507411,2.664238624,1.368989733,1.435713003,6,True,1
798,HoopaHoopa Confined,11,Ghost,600,0.420653582,0.955060559,-0.443904621,2.35863658,2.087666671,0.05927295,6,True,2
799,HoopaHoopa Unbound,11,Dark,680,0.420653582,2.495542932,-0.443904621,2.969840669,2.087666671,0.403382963,6,True,2
800,Volcanion,2,Water,600,0.420653582,0.955060559,1.480189817,1.747432491,0.650312795,0.05927295,6,True,2
